sample_id,Ampicillin,Amoxicillin_Clavulanic_acid,Cefotaxime,Cefuroxime,Ciprofloxacin,Ertapenem,Imipenem,Levofloxacin
SAMPLE_03360,0.477,0.02,0.1245,0.34450000000000003,0.10850000000000001,0.5725,0.3605,0.093
SAMPLE_03361,0.0455,0.193,0.127,0.4995,0.1115,0.0645,0.46950000000000003,0.1765
SAMPLE_03362,0.18,0.583,0.5760000000000001,0.20800000000000002,0.632,0.22499999999999998,0.3055,0.6295
SAMPLE_03363,0.08,0.13,0.3845,0.489,0.248,0.1155,0.5,0.2255
SAMPLE_03364,0.1585,0.7230000000000001,0.829,0.41,0.683,0.3235,0.28650000000000003,0.7085
SAMPLE_03365,0.376,0.537,0.659,0.32299999999999995,0.5435000000000001,0.2435,0.46549999999999997,0.5405
SAMPLE_03366,0.271,0.5375,0.7224999999999999,0.791,0.497,0.16,0.7515000000000001,0.7945
SAMPLE_03367,0.389,0.788,0.7895000000000001,0.4365,0.7889999999999999,0.2705,0.45749999999999996,0.775
SAMPLE_03368,0.1765,0.6659999999999999,0.9015,0.792,0.522,0.10200000000000001,0.8705,0.865
SAMPLE_03369,0.33299999999999996,0.9085,0.8755,0.4025,0.8525,0.5195000000000001,0.367,0.9079999999999999
SAMPLE_03370,0.41300000000000003,0.5065,0.747,0.8045,0.586,0.5105,0.6275,0.618
SAMPLE_03371,0.215,0.288,0.12,0.4795,0.3355,0.182,0.16299999999999998,0.589
SAMPLE_03372,0.333,0.6555,0.5945,0.439,0.4575,0.339,0.554,0.531
SAMPLE_03373,0.363,0.46699999999999997,0.3515,0.47500000000000003,0.608,0.319,0.4435,0.47050000000000003
SAMPLE_03374,0.044,0.262,0.14100000000000001,0.4565,0.193,0.161,0.485,0.2895
SAMPLE_03375,0.34950000000000003,0.6475,0.452,0.4285,0.532,0.1685,0.217,0.618
SAMPLE_03376,0.106,0.745,0.6565,0.5205,0.6495,0.35,0.61,0.6145
SAMPLE_03377,0.3135,0.6319999999999999,0.544,0.304,0.6275,0.238,0.214,0.6175
SAMPLE_03378,0.7695,0.1575,0.128,0.2995,0.33949999999999997,0.477,0.166,0.258
SAMPLE_03379,0.7495,0.6035,0.65,0.5645,0.5055,0.878,0.6194999999999999,0.5705
SAMPLE_03380,0.4325,0.9065000000000001,0.8985,0.3405,0.9355,0.351,0.448,0.567
SAMPLE_03381,0.184,0.536,0.29200000000000004,0.36,0.45099999999999996,0.33399999999999996,0.3815,0.4995
SAMPLE_03382,0.6355,0.236,0.271,0.3875,0.259,0.587,0.3435,0.179
SAMPLE_03383,0.8355,0.1865,0.183,0.2465,0.2035,0.41700000000000004,0.31599999999999995,0.2205
SAMPLE_03384,0.5995,0.531,0.6715,0.5449999999999999,0.5105,0.879,0.744,0.5605
SAMPLE_03385,0.3025,0.5945,0.6045,0.45899999999999996,0.708,0.28049999999999997,0.3415,0.5805
SAMPLE_03386,0.42600000000000005,0.64,0.633,0.3885,0.6890000000000001,0.3555,0.4215,0.764
SAMPLE_03387,0.0195,0.1475,0.13799999999999998,0.46900000000000003,0.17200000000000001,0.1935,0.47750000000000004,0.2215
SAMPLE_03388,0.028,0.34450000000000003,0.223,0.78,0.5025000000000001,0.015,0.4655,0.783
SAMPLE_03389,0.9275,0.159,0.1695,0.218,0.3995,0.487,0.28600000000000003,0.08099999999999999
SAMPLE_03390,0.938,0.42300000000000004,0.0575,0.349,0.443,0.331,0.086,0.18150000000000002
SAMPLE_03391,0.539,0.416,0.6595,0.48050000000000004,0.3325,0.554,0.537,0.2675
SAMPLE_03392,0.7030000000000001,0.075,0.079,0.2825,0.14250000000000002,0.579,0.21150000000000002,0.118
SAMPLE_03393,0.632,0.3865,0.654,0.4645,0.478,0.8795,0.721,0.226
SAMPLE_03394,0.9245,0.4425,0.4925,0.46299999999999997,0.4265,0.683,0.551,0.3025
SAMPLE_03395,0.8919999999999999,0.1245,0.319,0.29700000000000004,0.4255,0.437,0.501,0.1925
SAMPLE_03396,0.1115,0.33749999999999997,0.336,0.5855,0.3285,0.0935,0.483,0.28650000000000003
SAMPLE_03397,0.3075,0.8025,0.802,0.41500000000000004,0.679,0.2955,0.5775,0.6685000000000001
SAMPLE_03398,0.20750000000000002,0.7265,0.8594999999999999,0.486,0.7304999999999999,0.39349999999999996,0.5405,0.788
SAMPLE_03399,0.181,0.6945,0.277,0.5845,0.655,0.199,0.4625,0.4965
SAMPLE_03400,0.8665,0.238,0.37250000000000005,0.39749999999999996,0.5205,0.5035000000000001,0.47950000000000004,0.2785
SAMPLE_03401,0.782,0.2875,0.185,0.3,0.3515,0.651,0.602,0.16799999999999998
SAMPLE_03402,0.11049999999999999,0.6335,0.766,0.6275,0.529,0.0845,0.548,0.406
SAMPLE_03403,0.827,0.4125,0.42800000000000005,0.4555,0.5085,0.749,0.312,0.4265
SAMPLE_03404,0.41600000000000004,0.8495,0.7925,0.765,0.826,0.9125,0.821,0.7625
SAMPLE_03405,0.387,0.7335,0.6990000000000001,0.498,0.9395,0.512,0.6739999999999999,0.75
SAMPLE_03406,0.803,0.15,0.2555,0.2205,0.219,0.4685,0.487,0.128
SAMPLE_03407,0.9855,0.84375,0.70475,0.88675,0.73275,0.9855,0.89075,0.87975
SAMPLE_03408,0.502,0.7055,0.6245,0.6395,0.6074999999999999,0.892,0.7324999999999999,0.619
SAMPLE_03409,0.0305,0.5275000000000001,0.3035,0.786,0.472,0.023,0.468,0.6619999999999999
SAMPLE_03410,0.9855,0.8952500000000001,0.82825,0.89475,0.7967500000000001,0.9855,0.89175,0.8752500000000001
SAMPLE_03411,0.649,0.401,0.4365,0.5455,0.4355,0.891,0.6625,0.39749999999999996
SAMPLE_03412,0.5425,0.5355,0.221,0.3415,0.5845,0.8015000000000001,0.551,0.36150000000000004
SAMPLE_03413,0.7170000000000001,0.311,0.126,0.4545,0.251,0.6975,0.3055,0.236
SAMPLE_03414,0.0185,0.384,0.6759999999999999,0.6875,0.4515,0.0815,0.8175,0.649
SAMPLE_03415,0.7475,0.1,0.34349999999999997,0.293,0.16,0.6715,0.3575,0.153
SAMPLE_03416,0.6665,0.7,0.6485000000000001,0.796,0.7155,0.843,0.7224999999999999,0.5800000000000001
SAMPLE_03417,0.052500000000000005,0.09,0.081,0.4555,0.1595,0.1005,0.467,0.20350000000000001
SAMPLE_03418,0.6515,0.478,0.6315,0.5385,0.376,0.7829999999999999,0.6984999999999999,0.3225
SAMPLE_03419,0.869,0.692,0.6525,0.475,0.6315,0.8420000000000001,0.6990000000000001,0.3705
SAMPLE_03420,0.526,0.7975,0.8425,0.7745,0.726,0.71,0.852,0.776
SAMPLE_03421,0.1585,0.4725,0.5589999999999999,0.1705,0.535,0.20950000000000002,0.30400000000000005,0.598
SAMPLE_03422,0.6535,0.729,0.8075,0.4305,0.702,0.6605,0.7315,0.5595
SAMPLE_03423,0.0995,0.47150000000000003,0.637,0.22149999999999997,0.47750000000000004,0.29000000000000004,0.2625,0.4245
SAMPLE_03424,0.159,0.5449999999999999,0.7324999999999999,0.529,0.531,0.7605,0.3575,0.6855
SAMPLE_03425,0.6035,0.6865,0.5045,0.6685,0.7645,0.9595,0.532,0.575
SAMPLE_03426,0.532,0.5760000000000001,0.6355,0.58,0.727,0.886,0.678,0.7949999999999999
SAMPLE_03427,0.762,0.416,0.28400000000000003,0.4705,0.38,0.527,0.408,0.223
SAMPLE_03428,0.192,0.5800000000000001,0.42400000000000004,0.4825,0.507,0.1425,0.08850000000000001,0.7475
SAMPLE_03429,0.043,0.265,0.648,0.594,0.28750000000000003,0.11199999999999999,0.817,0.34450000000000003
SAMPLE_03430,0.6699999999999999,0.5429999999999999,0.5685,0.479,0.5265,0.5695,0.6025,0.483
SAMPLE_03431,0.544,0.1045,0.419,0.5515,0.127,0.5705,0.5325,0.24
SAMPLE_03432,0.40249999999999997,0.712,0.881,0.5315,0.844,0.6045,0.605,0.853
SAMPLE_03433,0.098,0.3755,0.3225,0.6015,0.20199999999999999,0.46399999999999997,0.486,0.42
SAMPLE_03434,0.8405,0.5445,0.7045,0.5575,0.5275,0.9045000000000001,0.603,0.379
SAMPLE_03435,0.907,0.2185,0.20350000000000001,0.29100000000000004,0.08750000000000001,0.43000000000000005,0.34950000000000003,0.14350000000000002
SAMPLE_03436,0.942,0.288,0.35500000000000004,0.39649999999999996,0.14250000000000002,0.5535000000000001,0.3255,0.21450000000000002
SAMPLE_03437,0.8945,0.082,0.207,0.2415,0.1885,0.40349999999999997,0.22199999999999998,0.14300000000000002
SAMPLE_03438,0.256,0.664,0.681,0.124,0.782,0.256,0.4595,0.572
SAMPLE_03439,0.7075,0.2555,0.20450000000000002,0.38999999999999996,0.162,0.673,0.45099999999999996,0.08
SAMPLE_03440,0.436,0.7809999999999999,0.802,0.362,0.8734999999999999,0.3505,0.522,0.7295
SAMPLE_03441,0.4065,0.5335,0.498,0.4415,0.7335,0.2465,0.469,0.6925
SAMPLE_03442,0.792,0.2895,0.0915,0.383,0.229,0.489,0.428,0.202
SAMPLE_03443,0.7845,0.8005,0.7,0.40099999999999997,0.8505,0.7385,0.5685,0.5355000000000001
SAMPLE_03444,0.11649999999999999,0.29300000000000004,0.158,0.779,0.2455,0.027,0.4605,0.606
SAMPLE_03445,0.643,0.51,0.2535,0.575,0.4295,0.8029999999999999,0.5900000000000001,0.40800000000000003
SAMPLE_03446,0.523,0.52,0.46299999999999997,0.603,0.6859999999999999,0.5740000000000001,0.394,0.7065
SAMPLE_03447,0.41600000000000004,0.6565000000000001,0.849,0.34299999999999997,0.733,0.33199999999999996,0.436,0.6455
SAMPLE_03448,0.625,0.567,0.21699999999999997,0.6105,0.6125,0.8365,0.6970000000000001,0.362
SAMPLE_03449,0.3195,0.29300000000000004,0.164,0.36650000000000005,0.3185,0.5275,0.2545,0.39849999999999997
SAMPLE_03450,0.1365,0.3895,0.194,0.3095,0.2755,0.29800000000000004,0.191,0.303
SAMPLE_03451,0.056,0.568,0.9470000000000001,0.7310000000000001,0.5355,0.26549999999999996,0.827,0.8175
SAMPLE_03452,0.352,0.624,0.525,0.4105,0.6405000000000001,0.2885,0.1565,0.511
SAMPLE_03453,0.14250000000000002,0.3135,0.451,0.638,0.56,0.0485,0.5305,0.40299999999999997
SAMPLE_03454,0.508,0.274,0.3245,0.223,0.4805,0.3235,0.2615,0.279
SAMPLE_03455,0.6925,0.27049999999999996,0.46199999999999997,0.3625,0.3815,0.777,0.591,0.26349999999999996
SAMPLE_03456,0.869,0.23450000000000001,0.3365,0.32899999999999996,0.34750000000000003,0.585,0.2015,0.21700000000000003
SAMPLE_03457,0.29700000000000004,0.864,0.9279999999999999,0.499,0.969,0.788,0.476,0.876
SAMPLE_03458,0.448,0.7225,0.9145000000000001,0.595,0.95,0.6225,0.6799999999999999,0.6275
SAMPLE_03459,0.6905,0.802,0.546,0.577,0.5825,0.881,0.8325,0.46950000000000003
SAMPLE_03460,0.8939999999999999,0.597,0.613,0.453,0.681,0.7865,0.593,0.448
SAMPLE_03461,0.3725,0.5905,0.7195,0.36450000000000005,0.7855,0.46699999999999997,0.4105,0.6895
SAMPLE_03462,0.4,0.499,0.4345,0.523,0.485,0.3925,0.3765,0.6855
SAMPLE_03463,0.9855,0.88975,0.76275,0.89175,0.76375,0.9855,0.8912500000000001,0.87775
SAMPLE_03464,0.9195,0.3545,0.041999999999999996,0.242,0.4225,0.4305,0.21400000000000002,0.16499999999999998
SAMPLE_03465,0.565,0.5605,0.417,0.401,0.5345,0.6225,0.38,0.5685
SAMPLE_03466,0.129,0.5275000000000001,0.6745,0.575,0.506,0.0345,0.5325,0.40800000000000003
SAMPLE_03467,0.34950000000000003,0.7175,0.969,0.695,0.8165,0.438,0.8029999999999999,0.8805000000000001
SAMPLE_03468,0.16749999999999998,0.6265000000000001,0.3775,0.306,0.5255,0.2565,0.0915,0.4955
SAMPLE_03469,0.7415,0.17099999999999999,0.294,0.40249999999999997,0.49649999999999994,0.608,0.48250000000000004,0.216
SAMPLE_03470,0.956,0.332,0.27049999999999996,0.332,0.28500000000000003,0.7244999999999999,0.3365,0.232
SAMPLE_03471,0.1235,0.627,0.7929999999999999,0.6185,0.485,0.07,0.6365000000000001,0.46599999999999997
SAMPLE_03472,0.7375,0.44599999999999995,0.3305,0.3875,0.4455,0.5115000000000001,0.42700000000000005,0.259
SAMPLE_03473,0.214,0.8029999999999999,0.839,0.8089999999999999,0.5845,0.0095,0.687,0.893
SAMPLE_03474,0.808,0.639,0.555,0.391,0.5,0.8325,0.6245,0.3
SAMPLE_03475,0.312,0.6075,0.579,0.3325,0.5985,0.3075,0.36050000000000004,0.543
SAMPLE_03476,0.8305,0.38,0.245,0.27349999999999997,0.2685,0.7595,0.2875,0.1525
SAMPLE_03477,0.4365,0.583,0.687,0.4615,0.7410000000000001,0.34,0.4935,0.7110000000000001
SAMPLE_03478,0.645,0.402,0.62,0.41800000000000004,0.487,0.9245,0.578,0.367
SAMPLE_03479,0.8240000000000001,0.8485,0.7364999999999999,0.5905,0.7665,0.7785,0.39,0.735
SAMPLE_03480,0.8965,0.4655,0.6185,0.4105,0.519,0.54,0.4405,0.428
SAMPLE_03481,0.7065,0.2605,0.21350000000000002,0.531,0.251,0.611,0.3995,0.2465
SAMPLE_03482,0.208,0.5315,0.6225,0.131,0.6034999999999999,0.3055,0.401,0.5105
SAMPLE_03483,0.847,0.4445,0.47450000000000003,0.45399999999999996,0.46699999999999997,0.8634999999999999,0.445,0.462
SAMPLE_03484,0.5965,0.8195,0.8,0.6505000000000001,0.8260000000000001,0.911,0.8165,0.7110000000000001
SAMPLE_03485,0.22649999999999998,0.607,0.611,0.28450000000000003,0.7035,0.222,0.2455,0.5915
SAMPLE_03486,0.1545,0.633,0.448,0.511,0.7315,0.08549999999999999,0.47700000000000004,0.49950000000000006
SAMPLE_03487,0.509,0.272,0.318,0.4205,0.189,0.8440000000000001,0.6445000000000001,0.22499999999999998
SAMPLE_03488,0.34650000000000003,0.485,0.645,0.42650000000000005,0.538,0.2905,0.2845,0.599
SAMPLE_03489,0.3055,0.6715,0.624,0.501,0.5565,0.3345,0.35250000000000004,0.5535
SAMPLE_03490,0.16749999999999998,0.4435,0.495,0.47850000000000004,0.343,0.185,0.7075,0.531
SAMPLE_03491,0.6795,0.7010000000000001,0.6094999999999999,0.56,0.7044999999999999,0.7625,0.6555,0.633
SAMPLE_03492,0.495,0.22,0.392,0.6040000000000001,0.382,0.5765,0.38349999999999995,0.449
SAMPLE_03493,0.8595,0.567,0.8180000000000001,0.45849999999999996,0.5945,0.848,0.6485000000000001,0.6075
SAMPLE_03494,0.14300000000000002,0.5549999999999999,0.3155,0.734,0.411,0.198,0.466,0.6365
SAMPLE_03495,0.8855,0.4555,0.28850000000000003,0.387,0.3685,0.6315,0.6265000000000001,0.3015
SAMPLE_03496,0.677,0.358,0.28600000000000003,0.482,0.381,0.6755,0.249,0.357
SAMPLE_03497,0.4985,0.6875,0.661,0.5,0.5760000000000001,0.8594999999999999,0.6639999999999999,0.5545
SAMPLE_03498,0.0945,0.528,0.402,0.593,0.6134999999999999,0.0375,0.831,0.646
SAMPLE_03499,0.7184999999999999,0.607,0.632,0.5885,0.6225,0.6965,0.532,0.649
SAMPLE_03500,0.8520000000000001,0.1915,0.47050000000000003,0.3875,0.46099999999999997,0.4915,0.4535,0.20800000000000002
SAMPLE_03501,0.3395,0.595,0.39,0.47150000000000003,0.6214999999999999,0.1145,0.08,0.7795
SAMPLE_03502,0.747,0.788,0.8694999999999999,0.4405,0.686,0.897,0.8634999999999999,0.544
SAMPLE_03503,0.902,0.16049999999999998,0.5555,0.4195,0.219,0.6275,0.512,0.19949999999999998
SAMPLE_03504,0.253,0.6475,0.578,0.4505,0.581,0.3285,0.3045,0.7545
SAMPLE_03505,0.605,0.5725,0.756,0.585,0.708,0.7435,0.8065,0.485
SAMPLE_03506,0.161,0.18,0.4255,0.69,0.189,0.1345,0.5505,0.306
SAMPLE_03507,0.05,0.20600000000000002,0.0965,0.47550000000000003,0.3655,0.1195,0.47100000000000003,0.34500000000000003
SAMPLE_03508,0.8859999999999999,0.176,0.387,0.4435,0.351,0.649,0.48,0.3025
SAMPLE_03509,0.685,0.323,0.4365,0.3435,0.35,0.708,0.4475,0.33599999999999997
SAMPLE_03510,0.11750000000000001,0.458,0.501,0.7070000000000001,0.4585,0.0635,0.6105,0.6315
SAMPLE_03511,0.71,0.34650000000000003,0.0645,0.3835,0.362,0.6174999999999999,0.1915,0.22649999999999998
SAMPLE_03512,0.3005,0.812,0.679,0.663,0.5690000000000001,0.308,0.5975,0.751
SAMPLE_03513,0.4765,0.5980000000000001,0.8560000000000001,0.701,0.756,0.7785,0.7545,0.7015
SAMPLE_03514,0.851,0.226,0.34750000000000003,0.26,0.346,0.47450000000000003,0.5455000000000001,0.226
SAMPLE_03515,0.3015,0.7085,0.855,0.3965,0.55,0.135,0.397,0.745
SAMPLE_03516,0.7845,0.723,0.758,0.4875,0.617,0.7885,0.7475,0.661
SAMPLE_03517,0.005,0.1295,0.097,0.6005,0.081,0.16699999999999998,0.494,0.179
SAMPLE_03518,0.0305,0.344,0.048999999999999995,0.654,0.195,0.14600000000000002,0.4585,0.3225
SAMPLE_03519,0.5785,0.626,0.6505,0.6295,0.6825,0.667,0.5914999999999999,0.7595000000000001
SAMPLE_03520,0.436,0.8985000000000001,0.8015,0.4945,0.7869999999999999,0.5840000000000001,0.6415,0.7535000000000001
SAMPLE_03521,0.772,0.1945,0.37850000000000006,0.392,0.159,0.625,0.489,0.26449999999999996
SAMPLE_03522,0.18,0.318,0.27149999999999996,0.5425,0.16,0.1125,0.6525000000000001,0.324
SAMPLE_03523,0.5675,0.9405,0.9435,0.8305,0.9684999999999999,0.963,0.857,0.9495
SAMPLE_03524,0.8899999999999999,0.48750000000000004,0.088,0.5935,0.5245,0.40049999999999997,0.247,0.2555
SAMPLE_03525,0.596,0.7250000000000001,0.76,0.7715000000000001,0.8674999999999999,0.9515,0.7975,0.6065
SAMPLE_03526,0.0935,0.2955,0.1565,0.8200000000000001,0.2015,0.099,0.4685,0.5515
SAMPLE_03527,0.8354999999999999,0.573,0.692,0.472,0.7385,0.714,0.483,0.4825
SAMPLE_03528,0.5245,0.4885,0.3885,0.469,0.46199999999999997,0.7849999999999999,0.41300000000000003,0.6895
SAMPLE_03529,0.244,0.6895,0.8029999999999999,0.8175,0.5865,0.394,0.7845,0.83
SAMPLE_03530,0.7285,0.3915,0.375,0.2635,0.3185,0.5265,0.5265,0.3945
SAMPLE_03531,0.844,0.579,0.641,0.4385,0.703,0.758,0.6185,0.582
SAMPLE_03532,0.614,0.5700000000000001,0.5525,0.5365,0.611,0.8420000000000001,0.5834999999999999,0.6775
SAMPLE_03533,0.515,0.5660000000000001,0.6985,0.587,0.583,0.9135,0.5865,0.595
SAMPLE_03534,0.08249999999999999,0.6295000000000001,0.726,0.7725,0.632,0.16799999999999998,0.7815000000000001,0.737
SAMPLE_03535,0.053000000000000005,0.27949999999999997,0.163,0.4535,0.20800000000000002,0.1055,0.4675,0.21
SAMPLE_03536,0.29000000000000004,0.625,0.5125,0.5635,0.6445,0.31799999999999995,0.318,0.7255
SAMPLE_03537,0.5445,0.823,0.81,0.7535000000000001,0.773,0.927,0.8300000000000001,0.6425
SAMPLE_03538,0.14350000000000002,0.481,0.4935,0.3845,0.5569999999999999,0.1605,0.191,0.587
SAMPLE_03539,0.21000000000000002,0.665,0.527,0.497,0.42500000000000004,0.1825,0.2635,0.7
SAMPLE_03540,0.9855,0.7947500000000001,0.66625,0.88875,0.72875,0.9855,0.88825,0.85225
SAMPLE_03541,0.7255,0.859,0.8985000000000001,0.6445000000000001,0.6385000000000001,0.9410000000000001,0.858,0.5795
SAMPLE_03542,0.6855,0.9145000000000001,0.941,0.6565000000000001,0.8109999999999999,0.764,0.8140000000000001,0.6859999999999999
SAMPLE_03543,0.7765,0.494,0.47450000000000003,0.386,0.42600000000000005,0.6315,0.6779999999999999,0.4205
SAMPLE_03544,0.061,0.23199999999999998,0.2205,0.5435,0.2605,0.088,0.4935,0.3485
SAMPLE_03545,0.881,0.394,0.4665,0.394,0.4265,0.6305000000000001,0.725,0.4365
SAMPLE_03546,0.662,0.27949999999999997,0.5475,0.3795,0.2105,0.8374999999999999,0.584,0.23199999999999998
SAMPLE_03547,0.189,0.643,0.5755,0.8420000000000001,0.4435,0.9135,0.7210000000000001,0.7115
SAMPLE_03548,0.542,0.155,0.10750000000000001,0.183,0.2935,0.41000000000000003,0.17099999999999999,0.121
SAMPLE_03549,0.487,0.49950000000000006,0.228,0.202,0.4945,0.7404999999999999,0.41600000000000004,0.323
SAMPLE_03550,0.779,0.5630000000000001,0.22949999999999998,0.292,0.418,0.5609999999999999,0.30400000000000005,0.3055
SAMPLE_03551,0.044500000000000005,0.2595,0.696,0.5335,0.35050000000000003,0.16999999999999998,0.8320000000000001,0.527
SAMPLE_03552,0.7455,0.174,0.21950000000000003,0.34950000000000003,0.23500000000000001,0.6845,0.368,0.1785
SAMPLE_03553,0.8654999999999999,0.575,0.5125,0.3895,0.4995,0.895,0.491,0.23249999999999998
SAMPLE_03554,0.483,0.2585,0.089,0.2435,0.101,0.5185,0.3305,0.1085
SAMPLE_03555,0.238,0.2755,0.099,0.3215,0.385,0.3035,0.1325,0.2605
SAMPLE_03556,0.6625,0.4315,0.5125,0.507,0.225,0.887,0.606,0.211
SAMPLE_03557,0.6200000000000001,0.845,0.825,0.5705,0.6799999999999999,0.919,0.7875000000000001,0.7845
SAMPLE_03558,0.8520000000000001,0.21250000000000002,0.288,0.425,0.22399999999999998,0.7825,0.46499999999999997,0.17149999999999999
SAMPLE_03559,0.7395,0.2835,0.584,0.201,0.353,0.5485,0.4165,0.29300000000000004
SAMPLE_03560,0.14400000000000002,0.448,0.514,0.47650000000000003,0.317,0.46499999999999997,0.311,0.64
SAMPLE_03561,0.0725,0.27,0.4345,0.5655,0.264,0.0495,0.5670000000000001,0.2355
SAMPLE_03562,0.666,0.362,0.3365,0.325,0.39249999999999996,0.4545,0.2905,0.2265
SAMPLE_03563,0.3555,0.7195,0.7315,0.46699999999999997,0.8325,0.2085,0.4685,0.6425000000000001
SAMPLE_03564,0.3335,0.597,0.3095,0.4045,0.5569999999999999,0.251,0.2735,0.688
SAMPLE_03565,0.9295,0.2995,0.3705,0.4005,0.14150000000000001,0.7805,0.5660000000000001,0.1425
SAMPLE_03566,0.8005,0.47800000000000004,0.0685,0.6014999999999999,0.477,0.7364999999999999,0.42599999999999993,0.342
SAMPLE_03567,0.2915,0.7949999999999999,0.8334999999999999,0.483,0.7745,0.33999999999999997,0.43000000000000005,0.736
SAMPLE_03568,0.069,0.4685,0.506,0.685,0.3755,0.020999999999999998,0.532,0.543
SAMPLE_03569,0.9065,0.12,0.2145,0.358,0.2155,0.6025,0.359,0.16749999999999998
SAMPLE_03570,0.9475,0.5535,0.7255,0.439,0.7135,0.716,0.597,0.659
SAMPLE_03571,0.692,0.6285000000000001,0.7455,0.467,0.666,0.5025,0.5635,0.4375
SAMPLE_03572,0.853,0.64,0.5585,0.6505000000000001,0.6535,0.9535,0.6295,0.5075000000000001
SAMPLE_03573,0.471,0.548,0.5960000000000001,0.8365,0.524,0.873,0.603,0.6695
SAMPLE_03574,0.011,0.2585,0.0315,0.465,0.0545,0.1175,0.463,0.1335
SAMPLE_03575,0.137,0.41950000000000004,0.5005,0.4985,0.394,0.0985,0.4965,0.402
SAMPLE_03576,0.9855,0.9922500000000001,0.98075,0.89425,0.96625,0.9855,0.8932500000000001,0.98175
SAMPLE_03577,0.6865,0.312,0.22849999999999998,0.32599999999999996,0.3635,0.5465,0.363,0.34450000000000003
SAMPLE_03578,0.7395,0.3045,0.1935,0.5105,0.08099999999999999,0.7795,0.4805,0.239
SAMPLE_03579,0.8605,0.269,0.40449999999999997,0.332,0.303,0.5875,0.518,0.2995
SAMPLE_03580,0.07250000000000001,0.255,0.148,0.8325,0.255,0.0155,0.47200000000000003,0.636
SAMPLE_03581,0.14400000000000002,0.585,0.4395,0.865,0.5815,0.0655,0.493,0.85
SAMPLE_03582,0.434,0.7829999999999999,0.656,0.48150000000000004,0.877,0.686,0.61,0.882
SAMPLE_03583,0.6565000000000001,0.5525,0.722,0.5275,0.6175,0.957,0.6085,0.421
SAMPLE_03584,0.2485,0.39149999999999996,0.243,0.27549999999999997,0.4285,0.3125,0.16399999999999998,0.40249999999999997
SAMPLE_03585,0.8225,0.229,0.28200000000000003,0.417,0.3585,0.5285,0.4235,0.232
SAMPLE_03586,0.784,0.07150000000000001,0.2805,0.2495,0.14150000000000001,0.41400000000000003,0.356,0.08
SAMPLE_03587,0.14450000000000002,0.615,0.734,0.6975,0.4825,0.10500000000000001,0.8455,0.6685
SAMPLE_03588,0.217,0.588,0.9604999999999999,0.737,0.5405,0.047,0.9125000000000001,0.8105
SAMPLE_03589,0.4275,0.5605,0.6245,0.509,0.5765,0.333,0.2405,0.7255
SAMPLE_03590,0.07050000000000001,0.48850000000000005,0.3305,0.508,0.53,0.2095,0.464,0.3585
SAMPLE_03591,0.315,0.5585,0.7815,0.3855,0.6559999999999999,0.21000000000000002,0.3165,0.766
SAMPLE_03592,0.6905,0.4535,0.37450000000000006,0.5095000000000001,0.40099999999999997,0.7295,0.643,0.556
SAMPLE_03593,0.602,0.556,0.47600000000000003,0.6355,0.4565,0.8465,0.3205,0.5285
SAMPLE_03594,0.9855,0.94325,0.9357500000000001,0.89625,0.97125,0.9855,0.89575,0.9762500000000001
SAMPLE_03595,0.182,0.7815000000000001,0.5569999999999999,0.8335,0.6575,0.04,0.5665,0.8205
SAMPLE_03596,0.8965000000000001,0.3065,0.211,0.3655,0.479,0.5765,0.499,0.2605
SAMPLE_03597,0.285,0.43300000000000005,0.302,0.458,0.3155,0.16,0.19,0.575
SAMPLE_03598,0.7224999999999999,0.2965,0.14400000000000002,0.2975,0.45399999999999996,0.4455,0.3275,0.11
SAMPLE_03599,0.1575,0.419,0.7985,0.5720000000000001,0.446,0.1995,0.8440000000000001,0.556
SAMPLE_03600,0.7335,0.6375,0.6715,0.4635,0.5609999999999999,0.885,0.589,0.6305000000000001
SAMPLE_03601,0.293,0.6014999999999999,0.8605,0.4655,0.8075,0.5755,0.375,0.788
SAMPLE_03602,0.42500000000000004,0.594,0.5985,0.386,0.7065,0.4165,0.4255,0.7985
SAMPLE_03603,0.7649999999999999,0.376,0.34600000000000003,0.46099999999999997,0.28,0.656,0.471,0.2865
SAMPLE_03604,0.9855,0.96875,0.96225,0.88775,0.93225,0.9855,0.8832500000000001,0.95825
SAMPLE_03605,0.4075,0.911,0.877,0.4645,0.786,0.308,0.48750000000000004,0.895
SAMPLE_03606,0.238,0.48,0.481,0.724,0.4745,0.05500000000000001,0.56,0.6054999999999999
SAMPLE_03607,0.874,0.169,0.0805,0.29000000000000004,0.3255,0.4545,0.1825,0.137
SAMPLE_03608,0.23,0.6095,0.6025,0.7175,0.49150000000000005,0.4585,0.2735,0.69
SAMPLE_03609,0.74,0.198,0.1355,0.403,0.212,0.591,0.191,0.184
SAMPLE_03610,0.308,0.697,0.48800000000000004,0.7985,0.6619999999999999,0.8440000000000001,0.638,0.472
SAMPLE_03611,0.933,0.316,0.439,0.3295,0.2565,0.696,0.38,0.218
SAMPLE_03612,0.746,0.08549999999999999,0.0695,0.2385,0.0725,0.536,0.28,0.058
SAMPLE_03613,0.5,0.526,0.5875,0.58,0.5435,0.7785,0.7070000000000001,0.49550000000000005
SAMPLE_03614,0.5065,0.69,0.8160000000000001,0.6034999999999999,0.7025,0.944,0.8285,0.6385000000000001
SAMPLE_03615,0.5115000000000001,0.41050000000000003,0.44200000000000006,0.6035,0.244,0.7969999999999999,0.7135,0.375
SAMPLE_03616,0.636,0.6815,0.64,0.5640000000000001,0.6535,0.9299999999999999,0.7885,0.41200000000000003
SAMPLE_03617,0.099,0.32,0.22599999999999998,0.3705,0.28700000000000003,0.21150000000000002,0.251,0.44
SAMPLE_03618,0.29800000000000004,0.658,0.5575,0.3875,0.7745,0.2725,0.177,0.6475
SAMPLE_03619,0.7565,0.8905000000000001,0.947,0.6335,0.904,0.948,0.826,0.7125
SAMPLE_03620,0.912,0.3135,0.16449999999999998,0.39,0.179,0.7925,0.33799999999999997,0.11299999999999999
SAMPLE_03621,0.502,0.531,0.47,0.6185,0.527,0.7955000000000001,0.4385,0.4065
SAMPLE_03622,0.0665,0.2195,0.4265,0.506,0.189,0.156,0.5355,0.22299999999999998
SAMPLE_03623,0.481,0.777,0.54,0.6775,0.598,0.8075,0.623,0.4345
SAMPLE_03624,0.245,0.7355,0.824,0.4035,0.7095,0.135,0.43,0.654
SAMPLE_03625,0.302,0.877,0.9575,0.8725,0.6715,0.44299999999999995,0.9185000000000001,0.913
SAMPLE_03626,0.7595000000000001,0.485,0.5525,0.6040000000000001,0.505,0.8685,0.5940000000000001,0.45599999999999996
SAMPLE_03627,0.761,0.7505,0.619,0.666,0.694,0.5145,0.4075,0.562
SAMPLE_03628,0.4505,0.9484999999999999,0.9225000000000001,0.6855,0.879,0.952,0.8645,0.8865000000000001
SAMPLE_03629,0.3785,0.812,0.873,0.4475,0.8025,0.2615,0.5305,0.7869999999999999
SAMPLE_03630,0.2545,0.40599999999999997,0.2215,0.6315000000000001,0.4245,0.547,0.37,0.554
SAMPLE_03631,0.3345,0.40700000000000003,0.1955,0.381,0.538,0.1185,0.14600000000000002,0.681
SAMPLE_03632,0.192,0.5365,0.315,0.5665,0.294,0.1075,0.21200000000000002,0.707
SAMPLE_03633,0.14550000000000002,0.411,0.3545,0.7475,0.38749999999999996,0.062,0.48550000000000004,0.7010000000000001
SAMPLE_03634,0.7324999999999999,0.2895,0.381,0.37250000000000005,0.2895,0.7715000000000001,0.2645,0.3145
SAMPLE_03635,0.8555,0.43100000000000005,0.5670000000000001,0.5045000000000001,0.369,0.838,0.8029999999999999,0.327
SAMPLE_03636,0.8585,0.511,0.271,0.492,0.5185,0.7745,0.4245,0.2985
SAMPLE_03637,0.6805,0.7585,0.643,0.599,0.6415,0.778,0.5855,0.7765
SAMPLE_03638,0.9175,0.1395,0.0785,0.34400000000000003,0.1575,0.4555,0.358,0.135
SAMPLE_03639,0.852,0.2525,0.14200000000000002,0.23650000000000002,0.37849999999999995,0.6445000000000001,0.33899999999999997,0.07150000000000001
SAMPLE_03640,0.604,0.524,0.3115,0.646,0.4045,0.784,0.619,0.6305
SAMPLE_03641,0.354,0.915,0.8995,0.5385,0.9219999999999999,0.479,0.683,0.9235
SAMPLE_03642,0.016,0.3785,0.11499999999999999,0.5795,0.5555,0.20500000000000002,0.457,0.28650000000000003
SAMPLE_03643,0.764,0.5710000000000001,0.667,0.439,0.477,0.9119999999999999,0.77,0.41600000000000004
SAMPLE_03644,0.262,0.5565,0.5105,0.662,0.327,0.0975,0.866,0.388
SAMPLE_03645,0.5329999999999999,0.5665,0.354,0.6155,0.5125,0.611,0.5325,0.7655000000000001
SAMPLE_03646,0.5734999999999999,0.1755,0.122,0.5585,0.22449999999999998,0.479,0.29500000000000004,0.381
SAMPLE_03647,0.65,0.255,0.4205,0.401,0.47950000000000004,0.7689999999999999,0.4285,0.189
SAMPLE_03648,0.7255,0.359,0.43500000000000005,0.514,0.271,0.826,0.374,0.34450000000000003
SAMPLE_03649,0.126,0.7515000000000001,0.473,0.3965,0.5675,0.369,0.3355,0.518
SAMPLE_03650,0.9855,0.94275,0.88875,0.8952500000000001,0.89075,0.9855,0.89275,0.92925
SAMPLE_03651,0.8009999999999999,0.1895,0.2005,0.2795,0.1775,0.5125,0.4155,0.126
SAMPLE_03652,0.364,0.47,0.35550000000000004,0.47750000000000004,0.5075000000000001,0.755,0.55,0.4805
SAMPLE_03653,0.8845000000000001,0.28300000000000003,0.575,0.325,0.481,0.41100000000000003,0.35750000000000004,0.3205
SAMPLE_03654,0.248,0.5385,0.422,0.5505,0.43000000000000005,0.1485,0.2015,0.8145
SAMPLE_03655,0.7775000000000001,0.29700000000000004,0.504,0.36550000000000005,0.3965,0.6040000000000001,0.5065,0.33
SAMPLE_03656,0.325,0.8185,0.9019999999999999,0.3225,0.944,0.537,0.441,0.756
SAMPLE_03657,0.853,0.265,0.2365,0.34850000000000003,0.267,0.672,0.2865,0.1875
SAMPLE_03658,0.8245,0.308,0.39149999999999996,0.401,0.383,0.6245,0.5505,0.271
SAMPLE_03659,0.9215,0.553,0.6,0.501,0.5395,0.8594999999999999,0.5455,0.5740000000000001
SAMPLE_03660,0.8705,0.42300000000000004,0.536,0.357,0.453,0.744,0.4865,0.3795
SAMPLE_03661,0.873,0.030000000000000002,0.054,0.1635,0.067,0.5645,0.14,0.05449999999999999
SAMPLE_03662,0.0625,0.232,0.504,0.5455,0.27499999999999997,0.177,0.7170000000000001,0.355
SAMPLE_03663,0.33799999999999997,0.848,0.9105000000000001,0.43,0.8135,0.44,0.75,0.8325
SAMPLE_03664,0.879,0.07300000000000001,0.14450000000000002,0.3,0.177,0.522,0.385,0.22449999999999998
SAMPLE_03665,0.8175,0.9704999999999999,0.964,0.715,0.9535,0.9584999999999999,0.853,0.8115
SAMPLE_03666,0.28600000000000003,0.5105,0.3955,0.425,0.5055000000000001,0.42000000000000004,0.266,0.639
SAMPLE_03667,0.39449999999999996,0.77,0.6985,0.354,0.738,0.1805,0.398,0.6725
SAMPLE_03668,0.178,0.8029999999999999,0.7025,0.679,0.702,0.486,0.6395,0.6194999999999999
SAMPLE_03669,0.8665,0.47950000000000004,0.41200000000000003,0.4225,0.322,0.7115,0.372,0.2165
SAMPLE_03670,0.771,0.0995,0.068,0.5195,0.051000000000000004,0.384,0.4125,0.08399999999999999
SAMPLE_03671,0.2215,0.6685,0.7115,0.4615,0.7255,0.1625,0.4095,0.7675
SAMPLE_03672,0.1915,0.4315,0.34099999999999997,0.20700000000000002,0.509,0.2135,0.0935,0.521
SAMPLE_03673,0.3185,0.306,0.2385,0.428,0.32399999999999995,0.1975,0.187,0.6
SAMPLE_03674,0.7204999999999999,0.38,0.3905,0.379,0.425,0.8935,0.4185,0.35050000000000003
SAMPLE_03675,0.8485,0.0795,0.106,0.3235,0.1565,0.6619999999999999,0.34099999999999997,0.10099999999999999
SAMPLE_03676,0.745,0.267,0.4665,0.458,0.40800000000000003,0.8505,0.6214999999999999,0.31899999999999995
SAMPLE_03677,0.6615,0.5185,0.719,0.40650000000000003,0.398,0.8525,0.7255,0.4335
SAMPLE_03678,0.7849999999999999,0.657,0.7055,0.659,0.7635000000000001,0.8995,0.6739999999999999,0.7275
SAMPLE_03679,0.16949999999999998,0.6275,0.9305,0.751,0.583,0.0125,0.86,0.7945
SAMPLE_03680,0.7475,0.26,0.36150000000000004,0.484,0.1895,0.6925,0.4565,0.249
SAMPLE_03681,0.5465,0.4285,0.3845,0.6355,0.5005,0.8565,0.6035,0.646
SAMPLE_03682,0.216,0.509,0.437,0.2935,0.4665,0.38849999999999996,0.2385,0.5425
SAMPLE_03683,0.724,0.5569999999999999,0.29400000000000004,0.565,0.422,0.7130000000000001,0.41300000000000003,0.304
SAMPLE_03684,0.6855,0.1905,0.119,0.29050000000000004,0.222,0.7130000000000001,0.269,0.0825
SAMPLE_03685,0.743,0.6525000000000001,0.7695,0.8454999999999999,0.762,0.9305,0.843,0.737
SAMPLE_03686,0.40149999999999997,0.7175,0.7715000000000001,0.56,0.8180000000000001,0.6555,0.423,0.7535000000000001
SAMPLE_03687,0.941,0.20700000000000002,0.43799999999999994,0.2875,0.3785,0.7175,0.3955,0.251
SAMPLE_03688,0.8355,0.37,0.357,0.33949999999999997,0.395,0.7330000000000001,0.4505,0.279
SAMPLE_03689,0.6285000000000001,0.1365,0.32499999999999996,0.29200000000000004,0.367,0.7304999999999999,0.47550000000000003,0.23149999999999998
SAMPLE_03690,0.8140000000000001,0.32,0.2685,0.1955,0.2225,0.7415,0.27349999999999997,0.2185
SAMPLE_03691,0.0865,0.847,0.853,0.8305,0.6905,0.16449999999999998,0.839,0.9195
SAMPLE_03692,0.742,0.2735,0.11549999999999999,0.394,0.3555,0.5905,0.208,0.23299999999999998
SAMPLE_03693,0.4655,0.9355,0.9435,0.6735,0.949,0.963,0.8694999999999999,0.7835
SAMPLE_03694,0.7295,0.23349999999999999,0.42200000000000004,0.2735,0.328,0.7875000000000001,0.6895,0.191
SAMPLE_03695,0.8140000000000001,0.0975,0.31799999999999995,0.27799999999999997,0.2525,0.49450000000000005,0.485,0.11499999999999999
SAMPLE_03696,0.2565,0.5900000000000001,0.656,0.5635,0.574,0.448,0.42100000000000004,0.762
SAMPLE_03697,0.1645,0.298,0.373,0.192,0.4655,0.5845,0.319,0.3415
SAMPLE_03698,0.149,0.733,0.8049999999999999,0.179,0.5685,0.22799999999999998,0.2035,0.4395
SAMPLE_03699,0.2995,0.63,0.323,0.47150000000000003,0.3825,0.1865,0.1405,0.6194999999999999
SAMPLE_03700,0.8525,0.0885,0.1255,0.3895,0.1755,0.531,0.55,0.2165
SAMPLE_03701,0.189,0.7545,0.6055,0.589,0.611,0.5905,0.7045,0.736
SAMPLE_03702,0.73,0.7255,0.757,0.5385,0.631,0.921,0.79,0.40599999999999997
SAMPLE_03703,0.9855,0.99275,0.99175,0.8852500000000001,0.98125,0.9855,0.89475,0.98875
SAMPLE_03704,0.8240000000000001,0.615,0.6905,0.513,0.6819999999999999,0.8795,0.6815,0.5585
SAMPLE_03705,0.436,0.874,0.8245,0.5605,0.8605,0.4865,0.6815,0.7805
SAMPLE_03706,0.281,0.5585,0.4085,0.463,0.6205,0.116,0.3855,0.681
SAMPLE_03707,0.8180000000000001,0.252,0.16849999999999998,0.356,0.31,0.6085,0.3285,0.146
SAMPLE_03708,0.3415,0.3665,0.384,0.5715,0.269,0.162,0.499,0.27849999999999997
SAMPLE_03709,0.9085,0.596,0.355,0.47850000000000004,0.509,0.7555000000000001,0.3795,0.316
SAMPLE_03710,0.858,0.16949999999999998,0.1765,0.2785,0.238,0.6075,0.3225,0.2205
SAMPLE_03711,0.38749999999999996,0.899,0.7985,0.41000000000000003,0.91,0.15200000000000002,0.4415,0.7695000000000001
SAMPLE_03712,0.502,0.48950000000000005,0.49850000000000005,0.511,0.3605,0.7965,0.403,0.6095
SAMPLE_03713,0.944,0.0965,0.2925,0.2275,0.1305,0.5255,0.352,0.14500000000000002
SAMPLE_03714,0.84,0.5015000000000001,0.5449999999999999,0.539,0.36,0.9125000000000001,0.8055,0.512
SAMPLE_03715,0.915,0.432,0.3445,0.419,0.5035000000000001,0.457,0.3215,0.27
SAMPLE_03716,0.28600000000000003,0.6655,0.7735000000000001,0.5415,0.623,0.20750000000000002,0.4455,0.913
SAMPLE_03717,0.8145,0.055,0.0875,0.15300000000000002,0.019,0.4555,0.1695,0.017
SAMPLE_03718,0.8180000000000001,0.08099999999999999,0.35850000000000004,0.33799999999999997,0.223,0.446,0.44,0.127
SAMPLE_03719,0.5495000000000001,0.6965,0.8345,0.6865,0.76,0.835,0.642,0.738
SAMPLE_03720,0.6525,0.6595,0.5329999999999999,0.4015,0.509,0.694,0.5800000000000001,0.381
SAMPLE_03721,0.0895,0.22749999999999998,0.2,0.4675,0.307,0.1575,0.47550000000000003,0.2635
SAMPLE_03722,0.9855,0.92475,0.83375,0.89225,0.8792500000000001,0.9855,0.89425,0.95475
SAMPLE_03723,0.033,0.1815,0.14,0.466,0.253,0.124,0.4635,0.2765
SAMPLE_03724,0.306,0.5920000000000001,0.7135,0.8835,0.608,0.202,0.676,0.8635
SAMPLE_03725,0.232,0.556,0.5965,0.408,0.593,0.48450000000000004,0.23500000000000001,0.6515
SAMPLE_03726,0.46950000000000003,0.46199999999999997,0.7415,0.721,0.5395000000000001,0.804,0.7150000000000001,0.8115
SAMPLE_03727,0.5854999999999999,0.7815,0.5335,0.6315,0.748,0.81,0.481,0.4375
SAMPLE_03728,0.3655,0.5700000000000001,0.6535,0.371,0.6725,0.2535,0.322,0.536
SAMPLE_03729,0.3315,0.979,0.9795,0.4905,0.9644999999999999,0.967,0.534,0.9535
SAMPLE_03730,0.481,0.8385,0.7985,0.637,0.9195,0.569,0.8165,0.739
SAMPLE_03731,0.7255,0.3765,0.471,0.3695,0.373,0.7204999999999999,0.355,0.313
SAMPLE_03732,0.2935,0.54,0.8600000000000001,0.7045,0.549,0.0325,0.72,0.735
SAMPLE_03733,0.11499999999999999,0.704,0.4455,0.456,0.5165,0.1755,0.48050000000000004,0.421
SAMPLE_03734,0.612,0.7075,0.6765,0.6685,0.6185,0.8300000000000001,0.799,0.614
SAMPLE_03735,0.378,0.833,0.9119999999999999,0.4275,0.9365,0.5189999999999999,0.40700000000000003,0.617
SAMPLE_03736,0.6345000000000001,0.5365,0.47850000000000004,0.488,0.5760000000000001,0.762,0.6835,0.6990000000000001
SAMPLE_03737,0.9855,0.8872500000000001,0.83975,0.89375,0.85175,0.9855,0.88475,0.90325
SAMPLE_03738,0.749,0.1235,0.2015,0.313,0.16849999999999998,0.4855,0.3635,0.0925
SAMPLE_03739,0.8434999999999999,0.14200000000000002,0.217,0.353,0.3225,0.8089999999999999,0.4865,0.4215
SAMPLE_03740,0.491,0.379,0.3635,0.513,0.47550000000000003,0.6615,0.39849999999999997,0.353
SAMPLE_03741,0.595,0.134,0.088,0.16649999999999998,0.052500000000000005,0.4475,0.175,0.0695
SAMPLE_03742,0.7310000000000001,0.3425,0.28400000000000003,0.3105,0.2775,0.674,0.2315,0.21200000000000002
SAMPLE_03743,0.137,0.6345000000000001,0.845,0.17250000000000001,0.725,0.207,0.28450000000000003,0.4165
SAMPLE_03744,0.2365,0.7255,0.8899999999999999,0.487,0.7965,0.267,0.5045,0.752
SAMPLE_03745,0.2845,0.46950000000000003,0.4145,0.7525,0.3905,0.004,0.47150000000000003,0.5925
SAMPLE_03746,0.8835,0.21000000000000002,0.4545,0.42700000000000005,0.22149999999999997,0.6735,0.47150000000000003,0.20600000000000002
SAMPLE_03747,0.542,0.667,0.6265,0.5954999999999999,0.624,0.8795,0.768,0.532
SAMPLE_03748,0.10250000000000001,0.2665,0.302,0.517,0.21450000000000002,0.26049999999999995,0.5615,0.34149999999999997
SAMPLE_03749,0.6859999999999999,0.172,0.45599999999999996,0.2965,0.272,0.489,0.4385,0.296
SAMPLE_03750,0.2345,0.782,0.8025,0.5609999999999999,0.745,0.463,0.585,0.762
SAMPLE_03751,0.179,0.34349999999999997,0.49249999999999994,0.4575,0.403,0.0325,0.517,0.435
SAMPLE_03752,0.078,0.2135,0.2,0.463,0.1685,0.19,0.4905,0.2455
SAMPLE_03753,0.1285,0.1295,0.206,0.6695,0.17500000000000002,0.0885,0.5375,0.4135
SAMPLE_03754,0.006999999999999999,0.3195,0.1055,0.8075,0.1875,0.0675,0.453,0.48
SAMPLE_03755,0.5305,0.4475,0.5685,0.6535,0.46499999999999997,0.9325,0.7090000000000001,0.524
SAMPLE_03756,0.306,0.6605,0.47750000000000004,0.5505,0.334,0.252,0.22149999999999997,0.681
SAMPLE_03757,0.8875,0.2605,0.4195,0.382,0.522,0.453,0.253,0.3565
SAMPLE_03758,0.5535000000000001,0.5885,0.483,0.576,0.599,0.5780000000000001,0.645,0.635
SAMPLE_03759,0.947,0.419,0.113,0.401,0.41850000000000004,0.4495,0.1875,0.271
SAMPLE_03760,0.456,0.948,0.9390000000000001,0.7244999999999999,0.8135,0.5685,0.678,0.8665
SAMPLE_03761,0.635,0.4885,0.407,0.5295,0.501,0.879,0.5045,0.4675
SAMPLE_03762,0.29400000000000004,0.603,0.363,0.6715,0.34800000000000003,0.037500000000000006,0.6045,0.4265
SAMPLE_03763,0.6465,0.14800000000000002,0.2705,0.1795,0.338,0.423,0.246,0.22499999999999998
SAMPLE_03764,0.628,0.5760000000000001,0.42100000000000004,0.741,0.4365,0.79,0.583,0.552
SAMPLE_03765,0.7669999999999999,0.24,0.33899999999999997,0.38549999999999995,0.253,0.687,0.6245,0.3405
SAMPLE_03766,0.797,0.558,0.5125,0.42500000000000004,0.6665,0.72,0.4685,0.37
SAMPLE_03767,0.88,0.314,0.2315,0.325,0.157,0.5475,0.4435,0.16599999999999998
SAMPLE_03768,0.1145,0.1145,0.0565,0.8295,0.1905,0.15,0.47350000000000003,0.5155
SAMPLE_03769,0.755,0.08549999999999999,0.253,0.2215,0.076,0.6345000000000001,0.536,0.07150000000000001
SAMPLE_03770,0.0635,0.2765,0.1065,0.912,0.3355,0.1125,0.465,0.6965
SAMPLE_03771,0.717,0.40049999999999997,0.541,0.34800000000000003,0.458,0.769,0.618,0.34550000000000003
SAMPLE_03772,0.7435,0.3815,0.713,0.55,0.267,0.7045,0.5765,0.5035
SAMPLE_03773,0.2585,0.713,0.5385,0.517,0.627,0.385,0.48950000000000005,0.7205
SAMPLE_03774,0.289,0.905,0.9644999999999999,0.6065,0.875,0.5715,0.6885,0.944
SAMPLE_03775,0.7869999999999999,0.503,0.4155,0.5660000000000001,0.4465,0.867,0.6505,0.517
SAMPLE_03776,0.6379999999999999,0.2585,0.262,0.3895,0.3815,0.46499999999999997,0.431,0.247
SAMPLE_03777,0.26749999999999996,0.35250000000000004,0.0765,0.7110000000000001,0.21700000000000003,0.0305,0.4535,0.378
SAMPLE_03778,0.5605,0.099,0.22899999999999998,0.387,0.0925,0.515,0.34750000000000003,0.139
SAMPLE_03779,0.891,0.344,0.46,0.3305,0.4395,0.5535,0.3115,0.3295
SAMPLE_03780,0.4805,0.5105,0.5700000000000001,0.8115,0.5655,0.8245,0.7464999999999999,0.656
SAMPLE_03781,0.2525,0.483,0.7415,0.8180000000000001,0.5025,0.0645,0.653,0.8045
SAMPLE_03782,0.3775,0.81,0.5800000000000001,0.4535,0.89,0.406,0.315,0.8215
SAMPLE_03783,0.7655000000000001,0.2205,0.204,0.2945,0.2595,0.7949999999999999,0.3045,0.119
SAMPLE_03784,0.7865,0.4295,0.5665,0.356,0.4165,0.7304999999999999,0.7165,0.4565
SAMPLE_03785,0.8945,0.7445,0.8340000000000001,0.5205,0.8645,0.5765,0.6940000000000001,0.6819999999999999
SAMPLE_03786,0.37,0.8374999999999999,0.7235,0.519,0.6915,0.21349999999999997,0.4405,0.7625
SAMPLE_03787,0.4415,0.7785,0.7305,0.46900000000000003,0.8360000000000001,0.193,0.382,0.7045
SAMPLE_03788,0.817,0.437,0.14700000000000002,0.35450000000000004,0.42850000000000005,0.6745,0.16949999999999998,0.235
SAMPLE_03789,0.3315,0.7404999999999999,0.8485,0.7665,0.7915,0.769,0.8605,0.687
SAMPLE_03790,0.2095,0.8065,0.647,0.494,0.6245,0.3055,0.42700000000000005,0.8029999999999999
SAMPLE_03791,0.7685,0.34850000000000003,0.3785,0.3195,0.2605,0.8945000000000001,0.36150000000000004,0.2625
SAMPLE_03792,0.5595,0.503,0.28049999999999997,0.5745,0.41700000000000004,0.8215,0.3565,0.3185
SAMPLE_03793,0.3825,0.7615,0.8765000000000001,0.6595,0.7435,0.42,0.571,0.911
SAMPLE_03794,0.377,0.586,0.9615,0.7065,0.5295,0.3765,0.9225,0.7284999999999999
SAMPLE_03795,0.4355,0.913,0.9644999999999999,0.851,0.8200000000000001,0.9535,0.871,0.976
SAMPLE_03796,0.7484999999999999,0.9125,0.9450000000000001,0.6799999999999999,0.933,0.95,0.8585,0.745
SAMPLE_03797,0.1705,0.4595,0.47350000000000003,0.6865,0.5545,0.232,0.3905,0.7424999999999999
SAMPLE_03798,0.5115000000000001,0.2715,0.22799999999999998,0.239,0.421,0.503,0.4115,0.3
SAMPLE_03799,0.649,0.318,0.052,0.569,0.304,0.621,0.34650000000000003,0.269
SAMPLE_03800,0.2405,0.7829999999999999,0.702,0.3965,0.7795000000000001,0.3355,0.361,0.63
SAMPLE_03801,0.025500000000000002,0.359,0.312,0.47300000000000003,0.3045,0.14500000000000002,0.47450000000000003,0.3345
SAMPLE_03802,0.0895,0.4365,0.7190000000000001,0.522,0.43,0.047,0.5900000000000001,0.508
SAMPLE_03803,0.5555,0.42000000000000004,0.4585,0.4675,0.6315,0.6935,0.42700000000000005,0.492
SAMPLE_03804,0.3875,0.3765,0.273,0.537,0.6054999999999999,0.506,0.2515,0.5619999999999999
SAMPLE_03805,0.218,0.6175,0.6815,0.11249999999999999,0.7875000000000001,0.325,0.2955,0.6214999999999999
SAMPLE_03806,0.4085,0.6765000000000001,0.739,0.6105,0.8045,0.306,0.5595,0.891
SAMPLE_03807,0.8605,0.3265,0.365,0.4065,0.28400000000000003,0.7675,0.37249999999999994,0.158
SAMPLE_03808,0.41000000000000003,0.8485,0.9165000000000001,0.3125,0.685,0.244,0.45699999999999996,0.6495
SAMPLE_03809,0.38,0.5685,0.399,0.5435,0.6325000000000001,0.46,0.38849999999999996,0.6335
SAMPLE_03810,0.5165,0.0965,0.14250000000000002,0.188,0.252,0.3795,0.22299999999999998,0.13
SAMPLE_03811,0.23349999999999999,0.3215,0.3225,0.6950000000000001,0.34850000000000003,0.016,0.4645,0.4335
SAMPLE_03812,0.509,0.335,0.479,0.817,0.562,0.835,0.625,0.5885
SAMPLE_03813,0.058499999999999996,0.35200000000000004,0.5880000000000001,0.494,0.3415,0.1695,0.6305000000000001,0.4195
SAMPLE_03814,0.698,0.4025,0.484,0.4485,0.385,0.677,0.6579999999999999,0.3815
SAMPLE_03815,0.118,0.36,0.266,0.548,0.33299999999999996,0.07350000000000001,0.4875,0.2255
SAMPLE_03816,0.5625,0.7435,0.782,0.763,0.771,0.7965,0.6795,0.7484999999999999
SAMPLE_03817,0.916,0.949,0.9155,0.636,0.8815,0.9215,0.7989999999999999,0.7455
SAMPLE_03818,0.6679999999999999,0.33,0.506,0.42900000000000005,0.2905,0.5215000000000001,0.5714999999999999,0.348
SAMPLE_03819,0.627,0.4365,0.436,0.6034999999999999,0.609,0.649,0.647,0.4535
SAMPLE_03820,0.73,0.47200000000000003,0.3135,0.46599999999999997,0.48650000000000004,0.7785,0.72,0.325
SAMPLE_03821,0.11549999999999999,0.6455,0.431,0.6145,0.41650000000000004,0.098,0.6535,0.461
SAMPLE_03822,0.847,0.0955,0.107,0.2535,0.16,0.34950000000000003,0.2175,0.124
SAMPLE_03823,0.944,0.5005,0.12,0.39349999999999996,0.5475,0.544,0.239,0.20900000000000002
SAMPLE_03824,0.7695,0.8714999999999999,0.9039999999999999,0.583,0.8415,0.94,0.853,0.7075
SAMPLE_03825,0.825,0.238,0.196,0.2715,0.14,0.5705,0.43300000000000005,0.128
SAMPLE_03826,0.33399999999999996,0.5165,0.567,0.752,0.456,0.4965,0.532,0.8195
SAMPLE_03827,0.1395,0.308,0.406,0.39249999999999996,0.4145,0.35350000000000004,0.43300000000000005,0.512
SAMPLE_03828,0.8220000000000001,0.38049999999999995,0.6154999999999999,0.4375,0.5405,0.765,0.452,0.4245
SAMPLE_03829,0.94,0.458,0.488,0.33,0.438,0.6875,0.505,0.349
SAMPLE_03830,0.32699999999999996,0.44899999999999995,0.4505,0.262,0.5315000000000001,0.22899999999999998,0.20850000000000002,0.40700000000000003
SAMPLE_03831,0.8175,0.1925,0.27749999999999997,0.3095,0.2625,0.784,0.4565,0.265
SAMPLE_03832,0.486,0.1025,0.121,0.3645,0.118,0.46549999999999997,0.385,0.041
SAMPLE_03833,0.036000000000000004,0.3425,0.2695,0.736,0.2415,0.091,0.47850000000000004,0.5555
SAMPLE_03834,0.5425,0.5800000000000001,0.669,0.6,0.5575,0.9225000000000001,0.626,0.5555
SAMPLE_03835,0.08549999999999999,0.32399999999999995,0.1605,0.774,0.198,0.0145,0.462,0.485
SAMPLE_03836,0.3225,0.5065,0.3885,0.467,0.4575,0.167,0.2585,0.7749999999999999
SAMPLE_03837,0.834,0.0715,0.1125,0.21850000000000003,0.157,0.4455,0.331,0.0775
SAMPLE_03838,0.8,0.5055000000000001,0.2625,0.491,0.45749999999999996,0.7955000000000001,0.35950000000000004,0.612
SAMPLE_03839,0.3405,0.9435,0.965,0.527,0.92,0.4395,0.6505000000000001,0.8374999999999999
SAMPLE_03840,0.051500000000000004,0.2945,0.20600000000000002,0.458,0.374,0.07300000000000001,0.4955,0.375
SAMPLE_03841,0.944,0.56,0.648,0.4125,0.404,0.823,0.5565,0.3655
SAMPLE_03842,0.032,0.216,0.188,0.46,0.2,0.14200000000000002,0.48100000000000004,0.29150000000000004
SAMPLE_03843,0.4225,0.8525,0.6990000000000001,0.4595,0.7815000000000001,0.302,0.4615,0.645
SAMPLE_03844,0.7085,0.397,0.2155,0.42900000000000005,0.3645,0.431,0.4265,0.2835
SAMPLE_03845,0.3915,0.8365,0.7815000000000001,0.5375,0.928,0.246,0.3955,0.9139999999999999
SAMPLE_03846,0.885,0.167,0.3275,0.331,0.32,0.485,0.5625,0.136
SAMPLE_03847,0.2025,0.8705,0.6930000000000001,0.8825000000000001,0.718,0.079,0.544,0.888
SAMPLE_03848,0.8360000000000001,0.2855,0.366,0.39249999999999996,0.221,0.5740000000000001,0.2875,0.1515
SAMPLE_03849,0.073,0.634,0.7685,0.337,0.7535000000000001,0.1605,0.187,0.7395
SAMPLE_03850,0.26949999999999996,0.48650000000000004,0.7404999999999999,0.6195,0.438,0.19949999999999998,0.7625,0.5465
SAMPLE_03851,0.6,0.3125,0.502,0.40900000000000003,0.5135,0.5715,0.6065,0.266
SAMPLE_03852,0.7555000000000001,0.43400000000000005,0.37949999999999995,0.477,0.43400000000000005,0.653,0.4345,0.325
SAMPLE_03853,0.38449999999999995,0.8925000000000001,0.96,0.237,0.858,0.5215,0.612,0.669
SAMPLE_03854,0.38,0.6505000000000001,0.628,0.47600000000000003,0.838,0.5495,0.2895,0.8460000000000001
SAMPLE_03855,0.042,0.11149999999999999,0.2455,0.47950000000000004,0.16299999999999998,0.1015,0.5495,0.2105
SAMPLE_03856,0.8454999999999999,0.128,0.152,0.268,0.21600000000000003,0.65,0.32,0.166
SAMPLE_03857,0.7505,0.4,0.5589999999999999,0.4275,0.39449999999999996,0.431,0.5965,0.3235
SAMPLE_03858,0.3275,0.40549999999999997,0.5155,0.46749999999999997,0.4965,0.40349999999999997,0.368,0.7364999999999999
SAMPLE_03859,0.0245,0.323,0.3235,0.683,0.28049999999999997,0.1625,0.488,0.47400000000000003
SAMPLE_03860,0.07050000000000001,0.48,0.29350000000000004,0.512,0.31,0.1365,0.48350000000000004,0.4105
SAMPLE_03861,0.84,0.10550000000000001,0.4395,0.314,0.2285,0.4395,0.495,0.255
SAMPLE_03862,0.8005,0.74,0.9495,0.4,0.8065,0.47350000000000003,0.6305000000000001,0.6725
SAMPLE_03863,0.8574999999999999,0.2235,0.303,0.294,0.21450000000000002,0.6220000000000001,0.34950000000000003,0.3625
SAMPLE_03864,0.2625,0.4415,0.6905,0.688,0.4865,0.0905,0.549,0.648
SAMPLE_03865,0.4885,0.1975,0.0935,0.2445,0.211,0.4955,0.326,0.3175
SAMPLE_03866,0.067,0.4765,0.4295,0.788,0.302,0.1045,0.4915,0.6755
SAMPLE_03867,0.40049999999999997,0.79,0.6105,0.458,0.626,0.31,0.4545,0.7135
SAMPLE_03868,0.093,0.3565,0.5685,0.614,0.4375,0.10600000000000001,0.5745,0.533
SAMPLE_03869,0.6459999999999999,0.409,0.629,0.403,0.432,0.786,0.5660000000000001,0.402
SAMPLE_03870,0.167,0.704,0.8049999999999999,0.7225,0.5265,0.1635,0.6165,0.7045
SAMPLE_03871,0.6174999999999999,0.114,0.112,0.21649999999999997,0.1825,0.42700000000000005,0.249,0.0925
SAMPLE_03872,0.8334999999999999,0.8109999999999999,0.8225,0.5965,0.7865,0.9265,0.7065,0.694
SAMPLE_03873,0.164,0.718,0.6505000000000001,0.39999999999999997,0.7045,0.308,0.5175,0.702
SAMPLE_03874,0.9450000000000001,0.21150000000000002,0.4215,0.254,0.352,0.494,0.5115000000000001,0.40049999999999997
SAMPLE_03875,0.539,0.917,0.9139999999999999,0.7969999999999999,0.9,0.886,0.845,0.8795
SAMPLE_03876,0.751,0.243,0.1185,0.39649999999999996,0.204,0.7364999999999999,0.2835,0.21300000000000002
SAMPLE_03877,0.7464999999999999,0.116,0.169,0.274,0.17049999999999998,0.587,0.2735,0.1495
SAMPLE_03878,0.2085,0.511,0.548,0.577,0.8195,0.447,0.34199999999999997,0.8155
SAMPLE_03879,0.074,0.22949999999999998,0.17200000000000001,0.7965,0.1855,0.1195,0.48000000000000004,0.522
SAMPLE_03880,0.3255,0.9155,0.8755,0.34149999999999997,0.938,0.6365000000000001,0.452,0.7945
SAMPLE_03881,0.349,0.6025,0.685,0.4365,0.567,0.5105,0.5985,0.6785
SAMPLE_03882,0.3655,0.8415,0.8959999999999999,0.39749999999999996,0.745,0.22999999999999998,0.5,0.825
SAMPLE_03883,0.8465,0.307,0.23299999999999998,0.39349999999999996,0.4825,0.46950000000000003,0.3215,0.25
SAMPLE_03884,0.9855,0.88775,0.84975,0.89075,0.91925,0.9855,0.89625,0.9417500000000001
SAMPLE_03885,0.2405,0.4305,0.26949999999999996,0.5415,0.45,0.42,0.219,0.637
SAMPLE_03886,0.47150000000000003,0.3365,0.40449999999999997,0.4395,0.293,0.7705,0.5609999999999999,0.27649999999999997
SAMPLE_03887,0.21950000000000003,0.5315,0.385,0.456,0.394,0.248,0.253,0.502
SAMPLE_03888,0.644,0.389,0.203,0.45,0.319,0.731,0.345,0.396
SAMPLE_03889,0.9855,0.95925,0.91725,0.89575,0.94725,0.9855,0.8952500000000001,0.97675
SAMPLE_03890,0.756,0.6985,0.7815,0.4365,0.772,0.813,0.7495,0.6015
SAMPLE_03891,0.2565,0.595,0.583,0.4325,0.6745,0.30800000000000005,0.489,0.724
SAMPLE_03892,0.6255,0.3755,0.6054999999999999,0.44299999999999995,0.4595,0.746,0.446,0.43399999999999994
SAMPLE_03893,0.0845,0.487,0.44,0.7125,0.5355000000000001,0.14950000000000002,0.874,0.537
SAMPLE_03894,0.005,0.169,0.299,0.47500000000000003,0.225,0.271,0.5345,0.294
SAMPLE_03895,0.1935,0.4285,0.534,0.484,0.456,0.28049999999999997,0.30200000000000005,0.744
SAMPLE_03896,0.253,0.48150000000000004,0.495,0.415,0.4295,0.5920000000000001,0.522,0.7110000000000001
SAMPLE_03897,0.5515,0.5885,0.41800000000000004,0.6539999999999999,0.5375,0.7935000000000001,0.6619999999999999,0.431
SAMPLE_03898,0.3545,0.8905000000000001,0.965,0.565,0.984,0.8995,0.802,0.8665
SAMPLE_03899,0.8845000000000001,0.369,0.32649999999999996,0.368,0.257,0.8540000000000001,0.43399999999999994,0.192
SAMPLE_03900,0.158,0.8775,0.8145,0.8580000000000001,0.736,0.032,0.8275,0.9495
SAMPLE_03901,0.793,0.305,0.1215,0.311,0.2335,0.483,0.4175,0.17350000000000002
SAMPLE_03902,0.261,0.9375,0.917,0.48750000000000004,0.888,0.78,0.5345,0.9485
SAMPLE_03903,0.04,0.503,0.877,0.681,0.48050000000000004,0.20550000000000002,0.8245,0.6895
SAMPLE_03904,0.3195,0.718,0.5449999999999999,0.3385,0.554,0.164,0.2095,0.4935
SAMPLE_03905,0.7015,0.484,0.3385,0.503,0.544,0.891,0.5135,0.612
SAMPLE_03906,0.6365,0.5445,0.6735,0.7575000000000001,0.5185,0.8905000000000001,0.774,0.5345
SAMPLE_03907,0.79,0.456,0.6285000000000001,0.4145,0.49650000000000005,0.714,0.47050000000000003,0.3085
SAMPLE_03908,0.1115,0.2925,0.2715,0.6085,0.1715,0.16999999999999998,0.5545,0.20550000000000002
SAMPLE_03909,0.269,0.4665,0.2685,0.46849999999999997,0.3475,0.1745,0.158,0.573
SAMPLE_03910,0.5575,0.1905,0.2475,0.20500000000000002,0.3205,0.359,0.274,0.20650000000000002
SAMPLE_03911,0.7275,0.7845,0.6355,0.567,0.8035000000000001,0.9504999999999999,0.476,0.7895000000000001
SAMPLE_03912,0.4945,0.6645,0.8454999999999999,0.6925,0.6114999999999999,0.764,0.8435,0.7575000000000001
SAMPLE_03913,0.7689999999999999,0.22699999999999998,0.086,0.426,0.5345,0.44,0.28300000000000003,0.16349999999999998
SAMPLE_03914,0.22299999999999998,0.4825,0.713,0.676,0.424,0.40349999999999997,0.7495,0.6435
SAMPLE_03915,0.9855,0.97775,0.9802500000000001,0.8832500000000001,0.95475,0.9855,0.88575,0.96275
SAMPLE_03916,0.9855,0.8852500000000001,0.86225,0.88175,0.9217500000000001,0.9855,0.88175,0.92525
SAMPLE_03917,0.588,0.716,0.6214999999999999,0.723,0.6739999999999999,0.8605,0.758,0.661
SAMPLE_03918,0.272,0.3685,0.41400000000000003,0.4485,0.21800000000000003,0.271,0.2645,0.5685
SAMPLE_03919,0.5685,0.8025,0.775,0.702,0.772,0.7669999999999999,0.6885,0.6930000000000001
SAMPLE_03920,0.22999999999999998,0.7785,0.6405,0.45599999999999996,0.5315,0.49,0.472,0.673
SAMPLE_03921,0.13,0.609,0.255,0.8594999999999999,0.492,0.0145,0.4545,0.702
SAMPLE_03922,0.7455,0.33099999999999996,0.5565,0.44799999999999995,0.5845,0.511,0.3645,0.4405
SAMPLE_03923,0.827,0.8745,0.923,0.617,0.8474999999999999,0.911,0.8405,0.702
SAMPLE_03924,0.23399999999999999,0.5265,0.46749999999999997,0.663,0.656,0.1185,0.8775,0.56
SAMPLE_03925,0.493,0.5235,0.5895,0.7955,0.4015,0.8175,0.7244999999999999,0.658
SAMPLE_03926,0.324,0.6525,0.862,0.7245,0.6035,0.013999999999999999,0.8575,0.7250000000000001
SAMPLE_03927,0.862,0.3205,0.5465,0.263,0.28500000000000003,0.5485,0.43599999999999994,0.2925
SAMPLE_03928,0.7615,0.292,0.045,0.4655,0.2555,0.5714999999999999,0.3005,0.1775
SAMPLE_03929,0.7645,0.299,0.42200000000000004,0.44999999999999996,0.3765,0.6575,0.3665,0.4245
SAMPLE_03930,0.7995,0.074,0.057999999999999996,0.28450000000000003,0.106,0.39249999999999996,0.304,0.0465
SAMPLE_03931,0.359,0.4205,0.268,0.6005,0.5465,0.3975,0.279,0.571
SAMPLE_03932,0.0075,0.153,0.1295,0.47350000000000003,0.146,0.111,0.47300000000000003,0.157
SAMPLE_03933,0.307,0.774,0.852,0.455,0.8135,0.4095,0.35650000000000004,0.919
SAMPLE_03934,0.279,0.629,0.621,0.422,0.5695,0.1905,0.22100000000000003,0.645
SAMPLE_03935,0.571,0.7384999999999999,0.654,0.8045,0.448,0.8855,0.738,0.7110000000000001
SAMPLE_03936,0.2975,0.8165,0.8055,0.489,0.6719999999999999,0.323,0.556,0.671
SAMPLE_03937,0.8035,0.43000000000000005,0.385,0.4395,0.36850000000000005,0.6735,0.7030000000000001,0.22549999999999998
SAMPLE_03938,0.5545,0.6900000000000001,0.6585,0.601,0.7575000000000001,0.87,0.581,0.7155
SAMPLE_03939,0.35250000000000004,0.8795,0.9624999999999999,0.5635,0.9165,0.306,0.5675,0.946
SAMPLE_03940,0.35,0.698,0.639,0.45099999999999996,0.632,0.294,0.3175,0.8640000000000001
SAMPLE_03941,0.779,0.5115,0.288,0.36150000000000004,0.48750000000000004,0.6775,0.21899999999999997,0.22
SAMPLE_03942,0.9365,0.31,0.388,0.3615,0.375,0.629,0.41000000000000003,0.22099999999999997
SAMPLE_03943,0.7425,0.0885,0.1005,0.154,0.2195,0.4315,0.4335,0.088
SAMPLE_03944,0.4935,0.21200000000000002,0.1905,0.244,0.224,0.478,0.347,0.047
SAMPLE_03945,0.753,0.6415,0.368,0.7285,0.4715,0.7464999999999999,0.6585,0.5895
SAMPLE_03946,0.3325,0.8520000000000001,0.5834999999999999,0.4595,0.7435,0.3015,0.2585,0.855
SAMPLE_03947,0.531,0.4595,0.4075,0.4985,0.438,0.913,0.49749999999999994,0.42400000000000004
SAMPLE_03948,0.064,0.2055,0.321,0.7025,0.1145,0.1215,0.497,0.353
SAMPLE_03949,0.3685,0.7915,0.804,0.46900000000000003,0.7989999999999999,0.3385,0.35550000000000004,0.914
SAMPLE_03950,0.7250000000000001,0.4025,0.309,0.552,0.6645,0.6795,0.32599999999999996,0.6455
SAMPLE_03951,0.1885,0.5075000000000001,0.52,0.2825,0.537,0.2725,0.252,0.6465000000000001
SAMPLE_03952,0.9855,0.87025,0.83575,0.8912500000000001,0.93075,0.9855,0.88775,0.95625
SAMPLE_03953,0.434,0.7055,0.48,0.568,0.6625,0.473,0.3575,0.6154999999999999
SAMPLE_03954,0.7805,0.6910000000000001,0.767,0.6165,0.762,0.7364999999999999,0.6439999999999999,0.78
SAMPLE_03955,0.2445,0.6975,0.598,0.35200000000000004,0.5295,0.2755,0.33999999999999997,0.6685
SAMPLE_03956,0.128,0.5805,0.6315,0.5975,0.5005,0.049,0.5315,0.509
SAMPLE_03957,0.7225,0.11499999999999999,0.176,0.16,0.088,0.609,0.42900000000000005,0.117
SAMPLE_03958,0.015000000000000001,0.4175,0.5985,0.457,0.3935,0.1285,0.5135000000000001,0.43
SAMPLE_03959,0.1065,0.28400000000000003,0.5345,0.576,0.344,0.692,0.406,0.654
SAMPLE_03960,0.8435,0.4035,0.11149999999999999,0.27499999999999997,0.38,0.4845,0.248,0.128
SAMPLE_03961,0.5635,0.401,0.4215,0.35700000000000004,0.5035000000000001,0.86,0.5075,0.4095
SAMPLE_03962,0.264,0.758,0.7144999999999999,0.5375,0.6935,0.118,0.448,0.8354999999999999
SAMPLE_03963,0.3135,0.8265,0.748,0.6545,0.6944999999999999,0.6990000000000001,0.7585,0.7995000000000001
SAMPLE_03964,0.032,0.396,0.663,0.5835,0.428,0.15000000000000002,0.6175,0.5445
SAMPLE_03965,0.718,0.102,0.10200000000000001,0.3125,0.093,0.623,0.3995,0.0225
SAMPLE_03966,0.0185,0.3335,0.426,0.6205,0.33399999999999996,0.396,0.5115000000000001,0.5035000000000001
SAMPLE_03967,0.258,0.8605,0.718,0.507,0.764,0.21350000000000002,0.519,0.6655
SAMPLE_03968,0.4375,0.8975,0.8805000000000001,0.46950000000000003,0.9564999999999999,0.7085,0.392,0.873
SAMPLE_03969,0.1815,0.33999999999999997,0.1445,0.6415,0.5055,0.10949999999999999,0.4615,0.3315
SAMPLE_03970,0.1625,0.9179999999999999,0.9410000000000001,0.5015,0.7965,0.8385,0.5529999999999999,0.873
SAMPLE_03971,0.7375,0.056,0.096,0.16399999999999998,0.0145,0.41000000000000003,0.224,0.036
SAMPLE_03972,0.81,0.46599999999999997,0.406,0.451,0.356,0.7725,0.5385,0.28600000000000003
SAMPLE_03973,0.07200000000000001,0.5115000000000001,0.39699999999999996,0.5675,0.39649999999999996,0.134,0.489,0.474
SAMPLE_03974,0.581,0.563,0.379,0.28700000000000003,0.3895,0.7415,0.3115,0.262
SAMPLE_03975,0.2185,0.36,0.591,0.8160000000000001,0.359,0.1305,0.8,0.7175
SAMPLE_03976,0.0455,0.34199999999999997,0.17250000000000001,0.8055,0.2625,0.11649999999999999,0.459,0.6335
SAMPLE_03977,0.5195000000000001,0.49550000000000005,0.4895,0.5815,0.5895,0.781,0.49949999999999994,0.568
SAMPLE_03978,0.788,0.5985,0.6295,0.5650000000000001,0.6859999999999999,0.6625,0.6075,0.54
SAMPLE_03979,0.40800000000000003,0.594,0.5305,0.39149999999999996,0.61,0.277,0.278,0.5625
SAMPLE_03980,0.7949999999999999,0.35600000000000004,0.1335,0.4295,0.44,0.5655,0.363,0.171
SAMPLE_03981,0.9855,0.76775,0.6062500000000001,0.8872500000000001,0.6917500000000001,0.9855,0.8892500000000001,0.82625
SAMPLE_03982,0.182,0.656,0.667,0.3945,0.636,0.274,0.2125,0.617
SAMPLE_03983,0.9125000000000001,0.622,0.6525000000000001,0.4615,0.568,0.942,0.671,0.404
SAMPLE_03984,0.7885,0.1575,0.484,0.3365,0.365,0.5455000000000001,0.646,0.4075
SAMPLE_03985,0.905,0.22049999999999997,0.14550000000000002,0.3325,0.41000000000000003,0.5375,0.2475,0.281
SAMPLE_03986,0.6719999999999999,0.057999999999999996,0.21799999999999997,0.2445,0.216,0.52,0.3695,0.1275
SAMPLE_03987,0.07,0.4775,0.6315,0.7615000000000001,0.5805,0.09,0.611,0.7144999999999999
SAMPLE_03988,0.8440000000000001,0.5245,0.4435,0.327,0.472,0.5155,0.6015,0.1985
SAMPLE_03989,0.4015,0.601,0.8775,0.635,0.6305000000000001,0.154,0.835,0.6779999999999999
SAMPLE_03990,0.7605,0.17450000000000002,0.361,0.1855,0.2245,0.5920000000000001,0.609,0.1675
SAMPLE_03991,0.372,0.9045000000000001,0.9075,0.7375,0.8265,0.8160000000000001,0.8109999999999999,0.9335
SAMPLE_03992,0.109,0.4255,0.0595,0.8185,0.1815,0.0305,0.455,0.662
SAMPLE_03993,0.302,0.5275000000000001,0.372,0.553,0.3925,0.389,0.657,0.547
SAMPLE_03994,0.8654999999999999,0.39,0.5335,0.5609999999999999,0.389,0.8845000000000001,0.695,0.35850000000000004
SAMPLE_03995,0.1315,0.3065,0.246,0.6835,0.27449999999999997,0.035,0.4895,0.44
SAMPLE_03996,0.027999999999999997,0.6619999999999999,0.4655,0.464,0.693,0.075,0.4575,0.48900000000000005
SAMPLE_03997,0.11449999999999999,0.332,0.581,0.658,0.38,0.122,0.6725,0.5035
SAMPLE_03998,0.12100000000000001,0.4425,0.028499999999999998,0.8355,0.33799999999999997,0.0245,0.456,0.521
SAMPLE_03999,0.145,0.42999999999999994,0.5085,0.621,0.46149999999999997,0.1985,0.5215000000000001,0.47
SAMPLE_04000,0.3565,0.675,0.5665,0.394,0.75,0.362,0.4805,0.635
SAMPLE_04001,0.433,0.6565,0.77,0.45799999999999996,0.9085000000000001,0.1605,0.3635,0.7144999999999999
SAMPLE_04002,0.583,0.0715,0.19899999999999998,0.17350000000000002,0.1505,0.49450000000000005,0.3525,0.188
SAMPLE_04003,0.614,0.19349999999999998,0.0905,0.40549999999999997,0.283,0.435,0.409,0.104
SAMPLE_04004,0.139,0.616,0.40800000000000003,0.5760000000000001,0.5375,0.1135,0.47950000000000004,0.5795
SAMPLE_04005,0.15200000000000002,0.5489999999999999,0.5335,0.3245,0.5505,0.2025,0.1395,0.5485
SAMPLE_04006,0.7065,0.758,0.6990000000000001,0.5605,0.714,0.712,0.755,0.6475
SAMPLE_04007,0.8205,0.11750000000000001,0.2555,0.3385,0.1085,0.6950000000000001,0.3615,0.1275
SAMPLE_04008,0.184,0.7825,0.873,0.7635000000000001,0.643,0.031,0.615,0.8035
SAMPLE_04009,0.85,0.5965,0.71,0.516,0.5705,0.749,0.754,0.595
SAMPLE_04010,0.9005000000000001,0.314,0.23149999999999998,0.35,0.3145,0.4405,0.3765,0.218
SAMPLE_04011,0.365,0.751,0.6935,0.40700000000000003,0.6415,0.288,0.4275,0.7255
SAMPLE_04012,0.923,0.374,0.2885,0.395,0.5285,0.524,0.494,0.28500000000000003
SAMPLE_04013,0.4825,0.3155,0.385,0.675,0.302,0.653,0.7235,0.5125
SAMPLE_04014,0.39,0.707,0.6825,0.5245,0.7975000000000001,0.46,0.33,0.8654999999999999
SAMPLE_04015,0.9375,0.36550000000000005,0.633,0.4825,0.3815,0.7295,0.5800000000000001,0.383
SAMPLE_04016,0.4135,0.5289999999999999,0.597,0.441,0.611,0.28650000000000003,0.4305,0.7070000000000001
SAMPLE_04017,0.5605,0.7915000000000001,0.6185,0.53,0.6225,0.7815000000000001,0.546,0.6305000000000001
SAMPLE_04018,0.7789999999999999,0.5455,0.192,0.7595000000000001,0.5005,0.9035,0.5745,0.4985
SAMPLE_04019,0.9855,0.93075,0.87675,0.88475,0.91275,0.9855,0.88225,0.96375
SAMPLE_04020,0.525,0.634,0.737,0.604,0.6975,0.5980000000000001,0.4815,0.639
SAMPLE_04021,0.097,0.5865,0.634,0.762,0.5275,0.048,0.585,0.8180000000000001
SAMPLE_04022,0.063,0.596,0.6825,0.684,0.529,0.3285,0.6445000000000001,0.553
SAMPLE_04023,0.6315,0.3825,0.372,0.534,0.335,0.659,0.2825,0.6515
SAMPLE_04024,0.657,0.5569999999999999,0.534,0.6285000000000001,0.5015,0.7925,0.7005,0.4865
SAMPLE_04025,0.258,0.481,0.447,0.156,0.5395,0.301,0.1265,0.6245
SAMPLE_04026,0.6475,0.7929999999999999,0.7190000000000001,0.403,0.7335,0.7685,0.6940000000000001,0.451
SAMPLE_04027,0.5695,0.095,0.303,0.338,0.2015,0.557,0.5255000000000001,0.11
SAMPLE_04028,0.894,0.378,0.202,0.3715,0.40149999999999997,0.525,0.39649999999999996,0.3265
SAMPLE_04029,0.7335,0.125,0.055499999999999994,0.349,0.101,0.4855,0.2495,0.0315
SAMPLE_04030,0.6930000000000001,0.9245,0.9535,0.6475,0.9125,0.95,0.86,0.7535000000000001
SAMPLE_04031,0.42500000000000004,0.972,0.9135,0.49350000000000005,0.9385,0.529,0.5425,0.95
SAMPLE_04032,0.8029999999999999,0.6074999999999999,0.21499999999999997,0.375,0.509,0.722,0.1685,0.254
SAMPLE_04033,0.39449999999999996,0.9775,0.9695,0.4835,0.97,0.7715,0.5915,0.9455
SAMPLE_04034,0.186,0.617,0.7444999999999999,0.5609999999999999,0.542,0.451,0.5245,0.7484999999999999
SAMPLE_04035,0.762,0.257,0.263,0.376,0.20400000000000001,0.83,0.585,0.23900000000000002
SAMPLE_04036,0.9359999999999999,0.146,0.193,0.3095,0.1525,0.5519999999999999,0.35050000000000003,0.136
SAMPLE_04037,0.4435,0.9630000000000001,0.9115,0.507,0.907,0.4685,0.48050000000000004,0.9450000000000001
SAMPLE_04038,0.9855,0.98675,0.97125,0.88575,0.96175,0.9855,0.89375,0.9822500000000001
SAMPLE_04039,0.1825,0.422,0.5780000000000001,0.761,0.471,0.0505,0.5650000000000001,0.734
SAMPLE_04040,0.9855,0.95675,0.9237500000000001,0.88975,0.8932500000000001,0.9855,0.8872500000000001,0.94225
SAMPLE_04041,0.4105,0.6799999999999999,0.747,0.5615,0.593,0.20600000000000002,0.279,0.8895
SAMPLE_04042,0.526,0.3265,0.35750000000000004,0.3815,0.27899999999999997,0.612,0.3515,0.17049999999999998
SAMPLE_04043,0.3285,0.7525,0.758,0.4605,0.8009999999999999,0.1995,0.3735,0.7275
SAMPLE_04044,0.878,0.2125,0.378,0.513,0.394,0.554,0.443,0.4125
SAMPLE_04045,0.501,0.835,0.8694999999999999,0.79,0.83,0.6655,0.7310000000000001,0.7130000000000001
SAMPLE_04046,0.782,0.20750000000000002,0.1965,0.32499999999999996,0.274,0.6425,0.451,0.096
SAMPLE_04047,0.5135000000000001,0.11449999999999999,0.041999999999999996,0.1825,0.08049999999999999,0.431,0.3105,0.028499999999999998
SAMPLE_04048,0.8295,0.2215,0.1775,0.2205,0.188,0.5325,0.366,0.067
SAMPLE_04049,0.716,0.5535,0.639,0.667,0.425,0.8865000000000001,0.8075,0.4585
SAMPLE_04050,0.874,0.132,0.317,0.316,0.1865,0.509,0.35,0.1845
SAMPLE_04051,0.4455,0.825,0.8594999999999999,0.388,0.9275,0.636,0.5115000000000001,0.7855
SAMPLE_04052,0.2625,0.44499999999999995,0.249,0.7945,0.4225,0.124,0.5225,0.72
SAMPLE_04053,0.4585,0.7869999999999999,0.6505,0.47050000000000003,0.8634999999999999,0.1355,0.367,0.729
SAMPLE_04054,0.39649999999999996,0.3865,0.299,0.532,0.3815,0.2575,0.1995,0.535
SAMPLE_04055,0.3055,0.472,0.22299999999999998,0.5565,0.363,0.1845,0.48250000000000004,0.4465
SAMPLE_04056,0.312,0.7625,0.383,0.4605,0.589,0.573,0.39849999999999997,0.6719999999999999
SAMPLE_04057,0.3215,0.804,0.7965,0.499,0.893,0.416,0.46449999999999997,0.9395
SAMPLE_04058,0.8505,0.2995,0.221,0.4405,0.495,0.48,0.378,0.257
SAMPLE_04059,0.0915,0.603,0.8514999999999999,0.771,0.5545,0.064,0.6245,0.7755
SAMPLE_04060,0.1795,0.821,0.6935,0.42700000000000005,0.6950000000000001,0.3335,0.5575,0.679
SAMPLE_04061,0.022,0.7635000000000001,0.8805000000000001,0.543,0.7955,0.651,0.4505,0.803
SAMPLE_04062,0.538,0.5960000000000001,0.5425,0.5429999999999999,0.617,0.7565,0.604,0.671
SAMPLE_04063,0.621,0.46199999999999997,0.44400000000000006,0.5325,0.558,0.622,0.3255,0.537
SAMPLE_04064,0.6819999999999999,0.2625,0.32249999999999995,0.2665,0.392,0.4375,0.522,0.2655
SAMPLE_04065,0.11699999999999999,0.346,0.1005,0.7005,0.0995,0.008,0.4565,0.293
SAMPLE_04066,0.845,0.126,0.3715,0.42,0.346,0.6905,0.479,0.23049999999999998
SAMPLE_04067,0.9855,0.86375,0.80525,0.88225,0.91325,0.9855,0.88375,0.95525
SAMPLE_04068,0.619,0.426,0.3825,0.34550000000000003,0.47950000000000004,0.639,0.433,0.392
SAMPLE_04069,0.1615,0.525,0.6705,0.5625,0.5305,0.1,0.5805,0.611
SAMPLE_04070,0.7689999999999999,0.08449999999999999,0.2925,0.2835,0.2235,0.429,0.439,0.0765
SAMPLE_04071,0.7969999999999999,0.7364999999999999,0.657,0.5215000000000001,0.6194999999999999,0.863,0.7210000000000001,0.619
SAMPLE_04072,0.532,0.41050000000000003,0.6395,0.451,0.469,0.8465,0.5085000000000001,0.42000000000000004
SAMPLE_04073,0.771,0.42000000000000004,0.096,0.3435,0.463,0.44999999999999996,0.11,0.199
SAMPLE_04074,0.2805,0.751,0.7615000000000001,0.4295,0.6054999999999999,0.447,0.52,0.66
SAMPLE_04075,0.7809999999999999,0.28700000000000003,0.47750000000000004,0.39249999999999996,0.2275,0.8160000000000001,0.6295,0.262
SAMPLE_04076,0.151,0.734,0.505,0.45799999999999996,0.61,0.791,0.577,0.572
SAMPLE_04077,0.5609999999999999,0.7275,0.7095,0.687,0.7244999999999999,0.9375,0.728,0.688
SAMPLE_04078,0.198,0.5325,0.306,0.5375,0.393,0.064,0.47250000000000003,0.3945
SAMPLE_04079,0.121,0.5555,0.38,0.755,0.444,0.389,0.773,0.6695
SAMPLE_04080,0.35,0.7635,0.6985,0.3495,0.603,0.2905,0.3475,0.581
SAMPLE_04081,0.9855,0.97525,0.96575,0.88275,0.97275,0.9855,0.8852500000000001,0.98275
SAMPLE_04082,0.7090000000000001,0.6005,0.696,0.6595,0.7045,0.47250000000000003,0.589,0.5355
SAMPLE_04083,0.852,0.434,0.12050000000000001,0.3645,0.3685,0.441,0.2365,0.1815
SAMPLE_04084,0.4535,0.9345,0.9555,0.48650000000000004,0.955,0.242,0.5025000000000001,0.8285
SAMPLE_04085,0.9855,0.91525,0.78225,0.88375,0.79825,0.9855,0.88275,0.9237500000000001
SAMPLE_04086,0.848,0.1855,0.0935,0.291,0.23650000000000002,0.427,0.315,0.101
SAMPLE_04087,0.605,0.579,0.7045,0.6595,0.6315,0.725,0.708,0.5860000000000001
SAMPLE_04088,0.279,0.9524999999999999,0.9205,0.4425,0.9259999999999999,0.757,0.435,0.8945
SAMPLE_04089,0.4215,0.7245,0.8025,0.4635,0.9335,0.5715,0.44,0.7795000000000001
SAMPLE_04090,0.4875,0.7484999999999999,0.794,0.7370000000000001,0.7735000000000001,0.8734999999999999,0.6255,0.763
SAMPLE_04091,0.14600000000000002,0.44499999999999995,0.2645,0.7030000000000001,0.4675,0.275,0.5285,0.581
SAMPLE_04092,0.7235,0.419,0.3405,0.41100000000000003,0.616,0.6785,0.557,0.375
SAMPLE_04093,0.2575,0.3385,0.2455,0.371,0.5435,0.4635,0.314,0.5735
SAMPLE_04094,0.3655,0.6779999999999999,0.6910000000000001,0.477,0.7525,0.16,0.317,0.591
SAMPLE_04095,0.17099999999999999,0.48050000000000004,0.8765000000000001,0.547,0.452,0.184,0.694,0.52
SAMPLE_04096,0.7889999999999999,0.154,0.27,0.271,0.16999999999999998,0.573,0.482,0.1325
SAMPLE_04097,0.3225,0.6645,0.6485,0.44,0.611,0.2555,0.3065,0.6065
SAMPLE_04098,0.42000000000000004,0.8885000000000001,0.932,0.492,0.8674999999999999,0.5609999999999999,0.817,0.778
SAMPLE_04099,0.5794999999999999,0.6485,0.6225,0.6385,0.704,0.8865000000000001,0.7695,0.46849999999999997
SAMPLE_04100,0.812,0.9019999999999999,0.9564999999999999,0.7344999999999999,0.9079999999999999,0.9245000000000001,0.7755,0.7905
SAMPLE_04101,0.262,0.6125,0.9119999999999999,0.7395,0.5625,0.29600000000000004,0.8985000000000001,0.76
SAMPLE_04102,0.5720000000000001,0.527,0.4285,0.5465,0.575,0.819,0.385,0.39049999999999996
SAMPLE_04103,0.16,0.34850000000000003,0.202,0.7275,0.315,0.013,0.48650000000000004,0.5155000000000001
SAMPLE_04104,0.40549999999999997,0.8315,0.8580000000000001,0.3885,0.826,0.215,0.4405,0.7135
SAMPLE_04105,0.883,0.1065,0.1365,0.281,0.0975,0.662,0.3295,0.10900000000000001
SAMPLE_04106,0.548,0.27449999999999997,0.378,0.3295,0.4075,0.6015,0.3275,0.3155
SAMPLE_04107,0.4265,0.571,0.579,0.4625,0.422,0.149,0.3285,0.7165
SAMPLE_04108,0.1425,0.692,0.5115000000000001,0.808,0.64,0.117,0.527,0.883
SAMPLE_04109,0.102,0.487,0.6975,0.7010000000000001,0.502,0.39499999999999996,0.561,0.5815
SAMPLE_04110,0.3435,0.4745,0.7090000000000001,0.5315,0.4895,0.043000000000000003,0.7050000000000001,0.5399999999999999
SAMPLE_04111,0.1545,0.53,0.7055,0.475,0.583,0.2895,0.3435,0.709
SAMPLE_04112,0.621,0.0635,0.35400000000000004,0.223,0.1435,0.622,0.271,0.166
SAMPLE_04113,0.6715,0.626,0.65,0.669,0.6555,0.8025,0.716,0.4745
SAMPLE_04114,0.7105,0.11449999999999999,0.173,0.21400000000000002,0.0975,0.4735,0.4615,0.089
SAMPLE_04115,0.241,0.6615,0.6085,0.1765,0.513,0.2525,0.287,0.5065
SAMPLE_04116,0.7070000000000001,0.7589999999999999,0.774,0.5885,0.8069999999999999,0.7324999999999999,0.7015,0.8899999999999999
SAMPLE_04117,0.5834999999999999,0.13899999999999998,0.1765,0.204,0.16649999999999998,0.33899999999999997,0.1515,0.176
SAMPLE_04118,0.604,0.511,0.219,0.6965,0.502,0.837,0.5855,0.421
SAMPLE_04119,0.6615,0.4355,0.0915,0.2865,0.34850000000000003,0.48750000000000004,0.17149999999999999,0.20500000000000002
SAMPLE_04120,0.454,0.643,0.455,0.3215,0.585,0.602,0.3145,0.45999999999999996
SAMPLE_04121,0.597,0.579,0.666,0.643,0.706,0.8705,0.747,0.495
SAMPLE_04122,0.3365,0.5665,0.7305,0.4175,0.5305,0.3245,0.4505,0.6695
SAMPLE_04123,0.7225,0.4505,0.633,0.47250000000000003,0.758,0.8135,0.683,0.462
SAMPLE_04124,0.554,0.11850000000000001,0.249,0.2175,0.151,0.5599999999999999,0.144,0.125
SAMPLE_04125,0.3755,0.6255,0.572,0.503,0.751,0.5980000000000001,0.45099999999999996,0.782
SAMPLE_04126,0.8240000000000001,0.424,0.049,0.33899999999999997,0.3965,0.412,0.309,0.14700000000000002
SAMPLE_04127,0.8345,0.4485,0.434,0.2485,0.319,0.526,0.3715,0.297
SAMPLE_04128,0.3885,0.9239999999999999,0.959,0.5435,0.982,0.823,0.5545,0.8915
SAMPLE_04129,0.8455,0.2895,0.49,0.326,0.5640000000000001,0.6545000000000001,0.562,0.345
SAMPLE_04130,0.712,0.6535,0.5875,0.621,0.475,0.8905,0.6060000000000001,0.46399999999999997
SAMPLE_04131,0.374,0.728,0.666,0.5625,0.6515,0.4605,0.59,0.7609999999999999
SAMPLE_04132,0.369,0.7130000000000001,0.76,0.4675,0.708,0.3735,0.3355,0.7585
SAMPLE_04133,0.0745,0.2375,0.0465,0.8085,0.1525,0.0535,0.454,0.4065
SAMPLE_04134,0.9259999999999999,0.4055,0.0935,0.2915,0.28350000000000003,0.629,0.38,0.07200000000000001
SAMPLE_04135,0.9199999999999999,0.3415,0.5865,0.4195,0.366,0.6214999999999999,0.439,0.264
SAMPLE_04136,0.1735,0.3715,0.751,0.7355,0.487,0.2,0.71,0.7305
SAMPLE_04137,0.23750000000000002,0.619,0.7235,0.211,0.4475,0.131,0.38899999999999996,0.4935
SAMPLE_04138,0.9855,0.91125,0.89375,0.8932500000000001,0.88275,0.9855,0.89025,0.93625
SAMPLE_04139,0.8265,0.238,0.078,0.33899999999999997,0.4205,0.6445,0.48850000000000005,0.22
SAMPLE_04140,0.3715,0.503,0.5965,0.46599999999999997,0.6134999999999999,0.214,0.32399999999999995,0.7030000000000001
SAMPLE_04141,0.536,0.266,0.266,0.335,0.29200000000000004,0.5369999999999999,0.316,0.3095
SAMPLE_04142,0.5565,0.4815,0.1965,0.7205,0.409,0.3945,0.45699999999999996,0.4215
SAMPLE_04143,0.7715000000000001,0.46099999999999997,0.39049999999999996,0.5695,0.5395000000000001,0.861,0.4645,0.382
SAMPLE_04144,0.85,0.07,0.1355,0.345,0.1095,0.534,0.1645,0.111
SAMPLE_04145,0.894,0.313,0.4475,0.375,0.3595,0.731,0.6495,0.2745
SAMPLE_04146,0.8700000000000001,0.6805,0.75,0.5355000000000001,0.688,0.6395,0.7324999999999999,0.4795
SAMPLE_04147,0.0615,0.1905,0.135,0.4585,0.1605,0.054000000000000006,0.4665,0.161
SAMPLE_04148,0.806,0.502,0.4515,0.498,0.48850000000000005,0.8265,0.7525,0.2815
SAMPLE_04149,0.294,0.45999999999999996,0.444,0.3735,0.39949999999999997,0.191,0.1155,0.6535
SAMPLE_04150,0.0645,0.51,0.706,0.5095000000000001,0.465,0.026,0.5680000000000001,0.485
SAMPLE_04151,0.8694999999999999,0.391,0.14550000000000002,0.3775,0.39599999999999996,0.4375,0.3085,0.16899999999999998
SAMPLE_04152,0.16,0.2975,0.4485,0.7035,0.2935,0.22999999999999998,0.614,0.5015000000000001
SAMPLE_04153,0.152,0.395,0.44200000000000006,0.616,0.1205,0.23049999999999998,0.5630000000000001,0.2585
SAMPLE_04154,0.7755000000000001,0.1865,0.27049999999999996,0.341,0.33699999999999997,0.47900000000000004,0.5445,0.224
SAMPLE_04155,0.366,0.7125,0.5465,0.47150000000000003,0.797,0.1375,0.28300000000000003,0.774
SAMPLE_04156,0.524,0.252,0.34800000000000003,0.45199999999999996,0.2385,0.5700000000000001,0.46799999999999997,0.3275
SAMPLE_04157,0.1805,0.265,0.21300000000000002,0.644,0.23349999999999999,0.149,0.4925,0.3735
SAMPLE_04158,0.389,0.8265,0.6595,0.41,0.6705,0.16899999999999998,0.1915,0.8620000000000001
SAMPLE_04159,0.1885,0.5479999999999999,0.885,0.8375,0.5589999999999999,0.2095,0.8285,0.862
SAMPLE_04160,0.858,0.30050000000000004,0.1395,0.361,0.4395,0.4555,0.157,0.132
SAMPLE_04161,0.4275,0.6325,0.6695,0.439,0.798,0.27749999999999997,0.43499999999999994,0.649
SAMPLE_04162,0.2,0.4555,0.34650000000000003,0.375,0.507,0.1955,0.1095,0.6045
SAMPLE_04163,0.5025,0.866,0.8500000000000001,0.7905,0.9075,0.858,0.645,0.852
SAMPLE_04164,0.031,0.228,0.1825,0.509,0.2565,0.0895,0.47800000000000004,0.3815
SAMPLE_04165,0.4175,0.8395,0.885,0.5535,0.757,0.3015,0.3625,0.8175
SAMPLE_04166,0.3125,0.6775,0.637,0.3075,0.749,0.435,0.306,0.6695
SAMPLE_04167,0.36150000000000004,0.6555,0.724,0.40399999999999997,0.6485000000000001,0.449,0.41400000000000003,0.5735
SAMPLE_04168,0.274,0.778,0.9590000000000001,0.43400000000000005,0.739,0.2425,0.5065000000000001,0.768
SAMPLE_04169,0.846,0.3875,0.446,0.5880000000000001,0.3775,0.8425,0.4465,0.483
SAMPLE_04170,0.258,0.5585,0.747,0.601,0.488,0.0425,0.5785,0.5215
SAMPLE_04171,0.644,0.39,0.39849999999999997,0.5569999999999999,0.552,0.7190000000000001,0.4805,0.5315
SAMPLE_04172,0.562,0.657,0.6455,0.4305,0.4485,0.794,0.5755,0.339
SAMPLE_04173,0.7505,0.6155,0.73,0.6475,0.7330000000000001,0.9475,0.8105,0.716
SAMPLE_04174,0.124,0.34700000000000003,0.226,0.5595,0.373,0.166,0.482,0.512
SAMPLE_04175,0.2485,0.8095,0.6265000000000001,0.503,0.5245,0.211,0.262,0.714
SAMPLE_04176,0.776,0.5760000000000001,0.7264999999999999,0.5235,0.42400000000000004,0.8614999999999999,0.652,0.468
SAMPLE_04177,0.134,0.569,0.4315,0.5005000000000001,0.359,0.108,0.1225,0.7835000000000001
SAMPLE_04178,0.5215000000000001,0.7415,0.683,0.681,0.845,0.944,0.648,0.806
SAMPLE_04179,0.523,0.5425,0.236,0.5595,0.5565,0.7235,0.44400000000000006,0.452
SAMPLE_04180,0.9855,0.93425,0.8087500000000001,0.8892500000000001,0.71575,0.9855,0.88975,0.83675
SAMPLE_04181,0.362,0.4185,0.3805,0.383,0.5365,0.2845,0.266,0.4455
SAMPLE_04182,0.7975,0.17650000000000002,0.22199999999999998,0.488,0.1785,0.8155,0.37050000000000005,0.22449999999999998
SAMPLE_04183,0.2345,0.5815,0.3905,0.551,0.526,0.040499999999999994,0.47050000000000003,0.436
SAMPLE_04184,0.8135,0.1385,0.39549999999999996,0.2995,0.1315,0.58,0.498,0.16649999999999998
SAMPLE_04185,0.8275,0.1865,0.2265,0.3435,0.195,0.774,0.375,0.1725
SAMPLE_04186,0.032,0.4385,0.532,0.5545,0.41100000000000003,0.1445,0.616,0.489
SAMPLE_04187,0.226,0.6345000000000001,0.569,0.526,0.425,0.1975,0.42600000000000005,0.6765
SAMPLE_04188,0.3855,0.895,0.733,0.47050000000000003,0.7075,0.2495,0.35000000000000003,0.8280000000000001
SAMPLE_04189,0.363,0.7105,0.5615,0.42100000000000004,0.5740000000000001,0.40700000000000003,0.445,0.639
SAMPLE_04190,0.801,0.26,0.5305,0.4025,0.306,0.7755,0.6455,0.2455
SAMPLE_04191,0.594,0.28300000000000003,0.4665,0.5215000000000001,0.426,0.7725,0.5385,0.387
SAMPLE_04192,0.563,0.3305,0.3775,0.2875,0.20350000000000001,0.627,0.404,0.2675
SAMPLE_04193,0.34450000000000003,0.7145,0.7484999999999999,0.2925,0.877,0.429,0.4375,0.6819999999999999
SAMPLE_04194,0.123,0.315,0.301,0.16,0.1275,0.1965,0.073,0.20500000000000002
SAMPLE_04195,0.758,0.3115,0.6555,0.48850000000000005,0.4415,0.46199999999999997,0.5740000000000001,0.41100000000000003
SAMPLE_04196,0.47150000000000003,0.5125,0.5965,0.7184999999999999,0.40549999999999997,0.5925,0.5489999999999999,0.444
SAMPLE_04197,0.891,0.266,0.2065,0.246,0.22699999999999998,0.8745,0.303,0.20600000000000002
SAMPLE_04198,0.6985,0.46099999999999997,0.333,0.4815,0.45799999999999996,0.825,0.3295,0.277
SAMPLE_04199,0.696,0.381,0.601,0.509,0.495,0.6935,0.6435,0.4665
SAMPLE_04200,0.063,0.439,0.7505,0.553,0.4005,0.168,0.8260000000000001,0.5625
SAMPLE_04201,0.5549999999999999,0.0815,0.059500000000000004,0.169,0.0445,0.3665,0.07650000000000001,0.0305
SAMPLE_04202,0.5045,0.4385,0.7945,0.41500000000000004,0.6114999999999999,0.74,0.774,0.40449999999999997
SAMPLE_04203,0.7155,0.578,0.6120000000000001,0.5515,0.4625,0.6519999999999999,0.591,0.379
SAMPLE_04204,0.9095,0.3165,0.373,0.39999999999999997,0.3665,0.7785,0.5255,0.3095
SAMPLE_04205,0.725,0.5105,0.5914999999999999,0.4505,0.5565,0.605,0.48,0.4835
SAMPLE_04206,0.47,0.8305,0.5409999999999999,0.5625,0.484,0.487,0.5880000000000001,0.4265
SAMPLE_04207,0.3125,0.5365,0.7985,0.6855,0.7015,0.0505,0.7715000000000001,0.5865
SAMPLE_04208,0.265,0.617,0.4615,0.28300000000000003,0.3825,0.2755,0.185,0.3725
SAMPLE_04209,0.786,0.391,0.23299999999999998,0.5595,0.4415,0.6275,0.4255,0.2895
SAMPLE_04210,0.1815,0.4295,0.212,0.526,0.443,0.3205,0.503,0.6345000000000001
SAMPLE_04211,0.849,0.2585,0.3105,0.23199999999999998,0.3685,0.4205,0.22549999999999998,0.17650000000000002
SAMPLE_04212,0.491,0.6775,0.5885,0.7155,0.669,0.6435,0.576,0.6065
SAMPLE_04213,0.9515,0.20400000000000001,0.2965,0.3205,0.329,0.7585,0.39,0.327
SAMPLE_04214,0.2375,0.4625,0.563,0.6485000000000001,0.505,0.3175,0.5905,0.5765
SAMPLE_04215,0.4945,0.778,0.547,0.8049999999999999,0.675,0.932,0.7875,0.6559999999999999
SAMPLE_04216,0.5894999999999999,0.47350000000000003,0.6950000000000001,0.5785,0.5349999999999999,0.8694999999999999,0.7135,0.4545
SAMPLE_04217,0.1365,0.35050000000000003,0.8089999999999999,0.5445,0.4985,0.1745,0.9105000000000001,0.5535
SAMPLE_04218,0.482,0.595,0.589,0.5835,0.524,0.473,0.64,0.5315
SAMPLE_04219,0.0195,0.0695,0.0305,0.7755000000000001,0.1115,0.1505,0.47400000000000003,0.457
SAMPLE_04220,0.615,0.4745,0.7055,0.48350000000000004,0.615,0.5349999999999999,0.7605,0.6005
SAMPLE_04221,0.041,0.2555,0.16699999999999998,0.534,0.313,0.10949999999999999,0.47900000000000004,0.3255
SAMPLE_04222,0.6080000000000001,0.5495,0.514,0.7165,0.5995,0.9455,0.75,0.387
SAMPLE_04223,0.227,0.437,0.522,0.616,0.613,0.44499999999999995,0.391,0.6625000000000001
SAMPLE_04224,0.4785,0.46099999999999997,0.4235,0.6155,0.46950000000000003,0.7324999999999999,0.534,0.4195
SAMPLE_04225,0.7835,0.203,0.22349999999999998,0.3375,0.2685,0.5125,0.2845,0.1825
SAMPLE_04226,0.5825,0.1525,0.1625,0.1485,0.181,0.5035000000000001,0.3345,0.1035
SAMPLE_04227,0.746,0.1075,0.3275,0.4485,0.2925,0.44499999999999995,0.384,0.151
SAMPLE_04228,0.1965,0.1895,0.0665,0.65,0.2595,0.188,0.46900000000000003,0.262
SAMPLE_04229,0.6405000000000001,0.352,0.33999999999999997,0.5385,0.33399999999999996,0.8025,0.4755,0.40900000000000003
SAMPLE_04230,0.246,0.776,0.8474999999999999,0.4,0.6975,0.34450000000000003,0.5205,0.643
SAMPLE_04231,0.16549999999999998,0.363,0.4355,0.083,0.4075,0.2155,0.1335,0.4065
SAMPLE_04232,0.2945,0.5645,0.6315,0.513,0.5665,0.4605,0.35500000000000004,0.81
SAMPLE_04233,0.853,0.3595,0.2875,0.46199999999999997,0.3135,0.837,0.5385,0.27549999999999997
SAMPLE_04234,0.6375,0.7549999999999999,0.6645,0.649,0.7335,0.7605,0.648,0.685
SAMPLE_04235,0.8554999999999999,0.488,0.22899999999999998,0.4335,0.548,0.5700000000000001,0.28300000000000003,0.26
SAMPLE_04236,0.0355,0.26549999999999996,0.15050000000000002,0.532,0.294,0.17,0.48150000000000004,0.31699999999999995
SAMPLE_04237,0.5205,0.251,0.127,0.261,0.165,0.5545,0.384,0.06
SAMPLE_04238,0.088,0.5715,0.549,0.7505,0.649,0.524,0.635,0.552
SAMPLE_04239,0.6745000000000001,0.94,0.9775,0.6555,0.948,0.9495,0.76,0.7905
SAMPLE_04240,0.0155,0.321,0.8045,0.6255,0.464,0.1215,0.7364999999999999,0.549
SAMPLE_04241,0.544,0.2545,0.39549999999999996,0.203,0.27549999999999997,0.4995,0.508,0.223
SAMPLE_04242,0.23800000000000002,0.739,0.747,0.4765,0.7244999999999999,0.19,0.495,0.7755000000000001
SAMPLE_04243,0.4755,0.6465,0.76,0.8069999999999999,0.688,0.8005,0.6495,0.723
SAMPLE_04244,0.784,0.33899999999999997,0.4085,0.1945,0.281,0.4685,0.3835,0.352
SAMPLE_04245,0.7989999999999999,0.0205,0.1835,0.276,0.0515,0.5345,0.1665,0.0765
SAMPLE_04246,0.0795,0.3035,0.249,0.46950000000000003,0.2405,0.189,0.4555,0.217
SAMPLE_04247,0.2135,0.3145,0.244,0.51,0.3005,0.279,0.326,0.571
SAMPLE_04248,0.374,0.627,0.6535,0.528,0.7895,0.787,0.5825,0.742
SAMPLE_04249,0.1485,0.39199999999999996,0.495,0.0835,0.4515,0.245,0.32799999999999996,0.5795
SAMPLE_04250,0.036000000000000004,0.14100000000000001,0.14,0.47700000000000004,0.0875,0.065,0.4595,0.157
SAMPLE_04251,0.249,0.46699999999999997,0.273,0.598,0.4155,0.094,0.458,0.3865
SAMPLE_04252,0.4845,0.3155,0.5105,0.2355,0.41000000000000003,0.5780000000000001,0.481,0.2405
SAMPLE_04253,0.0635,0.247,0.214,0.5615,0.27649999999999997,0.22599999999999998,0.501,0.40750000000000003
SAMPLE_04254,0.7945,0.599,0.765,0.6255,0.6685,0.958,0.7909999999999999,0.4575
SAMPLE_04255,0.293,0.6055,0.5535,0.422,0.6505,0.2435,0.1465,0.847
SAMPLE_04256,0.8845000000000001,0.5165,0.4505,0.427,0.692,0.44100000000000006,0.55,0.42100000000000004
SAMPLE_04257,0.40349999999999997,0.6495,0.5365,0.39299999999999996,0.657,0.1565,0.3885,0.6975
SAMPLE_04258,0.594,0.5245,0.33399999999999996,0.6655,0.7335,0.8855,0.681,0.46
SAMPLE_04259,0.5660000000000001,0.7410000000000001,0.678,0.727,0.538,0.9175,0.7715,0.634
SAMPLE_04260,0.7404999999999999,0.07150000000000001,0.093,0.28500000000000003,0.1715,0.345,0.192,0.095
SAMPLE_04261,0.003,0.1455,0.0865,0.4665,0.14100000000000001,0.166,0.47650000000000003,0.21
SAMPLE_04262,0.5545,0.587,0.5640000000000001,0.2475,0.573,0.5585,0.39549999999999996,0.33199999999999996
SAMPLE_04263,0.8755,0.4035,0.5015000000000001,0.4015,0.4915,0.8634999999999999,0.596,0.31
SAMPLE_04264,0.20750000000000002,0.6325000000000001,0.6725,0.5225,0.5535,0.252,0.17,0.912
SAMPLE_04265,0.8605,0.794,0.9355,0.5515,0.8885000000000001,0.842,0.823,0.7344999999999999
SAMPLE_04266,0.6325000000000001,0.48400000000000004,0.1295,0.433,0.37350000000000005,0.7175,0.1335,0.551
SAMPLE_04267,0.4115,0.433,0.20800000000000002,0.5619999999999999,0.493,0.238,0.199,0.5535
SAMPLE_04268,0.21150000000000002,0.507,0.463,0.43,0.5549999999999999,0.232,0.187,0.6785
SAMPLE_04269,0.122,0.43000000000000005,0.356,0.10350000000000001,0.5155000000000001,0.395,0.20600000000000002,0.47850000000000004
SAMPLE_04270,0.6595,0.23900000000000002,0.4975,0.399,0.20850000000000002,0.642,0.35,0.151
SAMPLE_04271,0.4375,0.8145,0.7,0.432,0.8394999999999999,0.47550000000000003,0.4495,0.889
SAMPLE_04272,0.552,0.392,0.34950000000000003,0.494,0.52,0.6895,0.47650000000000003,0.2755
SAMPLE_04273,0.9855,0.77725,0.66725,0.88825,0.73875,0.9855,0.88875,0.87675
SAMPLE_04274,0.383,0.6950000000000001,0.632,0.439,0.6255,0.3675,0.351,0.712
SAMPLE_04275,0.7845,0.11900000000000001,0.1005,0.3265,0.08499999999999999,0.6625000000000001,0.35550000000000004,0.052500000000000005
SAMPLE_04276,0.8105,0.27449999999999997,0.20450000000000002,0.36,0.21549999999999997,0.8029999999999999,0.4185,0.23
SAMPLE_04277,0.619,0.8165,0.7110000000000001,0.653,0.752,0.9315,0.7969999999999999,0.877
SAMPLE_04278,0.294,0.533,0.3205,0.3685,0.508,0.159,0.077,0.483
SAMPLE_04279,0.016,0.23049999999999998,0.1845,0.606,0.20500000000000002,0.197,0.4945,0.2555
SAMPLE_04280,0.726,0.6930000000000001,0.7749999999999999,0.5705,0.6970000000000001,0.861,0.7985,0.65
SAMPLE_04281,0.8360000000000001,0.486,0.4775,0.5335000000000001,0.545,0.78,0.5825,0.4075
SAMPLE_04282,0.32799999999999996,0.8015,0.8025,0.3585,0.7685,0.413,0.34249999999999997,0.782
SAMPLE_04283,0.1645,0.614,0.14600000000000002,0.8300000000000001,0.418,0.0215,0.4525,0.5145
SAMPLE_04284,0.0215,0.2185,0.1235,0.7695000000000001,0.17850000000000002,0.0195,0.46,0.5945
SAMPLE_04285,0.9139999999999999,0.765,0.7869999999999999,0.645,0.74,0.9195,0.838,0.6415
SAMPLE_04286,0.22449999999999998,0.363,0.399,0.7015,0.43,0.138,0.5515,0.6065
SAMPLE_04287,0.40049999999999997,0.6815,0.7645,0.43400000000000005,0.5715,0.287,0.4965,0.7355
SAMPLE_04288,0.8245,0.23349999999999999,0.33399999999999996,0.4255,0.262,0.531,0.5914999999999999,0.23750000000000002
SAMPLE_04289,0.069,0.211,0.051500000000000004,0.7464999999999999,0.189,0.0765,0.47600000000000003,0.525
SAMPLE_04290,0.23199999999999998,0.545,0.6665,0.595,0.46199999999999997,0.308,0.6095,0.5045
SAMPLE_04291,0.38,0.913,0.9205,0.4495,0.897,0.26949999999999996,0.478,0.896
SAMPLE_04292,0.3785,0.5625,0.44899999999999995,0.48750000000000004,0.736,0.33099999999999996,0.337,0.7390000000000001
SAMPLE_04293,0.608,0.2855,0.303,0.20950000000000002,0.34650000000000003,0.491,0.392,0.369
SAMPLE_04294,0.619,0.5495,0.256,0.41350000000000003,0.4835,0.5880000000000001,0.246,0.2765
SAMPLE_04295,0.5515,0.198,0.24,0.30900000000000005,0.2985,0.5705,0.27649999999999997,0.216
SAMPLE_04296,0.5640000000000001,0.5635,0.758,0.8335,0.603,0.736,0.73,0.6885
SAMPLE_04297,0.0315,0.168,0.5075000000000001,0.4905,0.2795,0.1335,0.6115,0.3145
SAMPLE_04298,0.9855,0.80175,0.69125,0.89025,0.78525,0.9855,0.88625,0.85075
SAMPLE_04299,0.8714999999999999,0.2865,0.437,0.2715,0.403,0.5515,0.569,0.3045
SAMPLE_04300,0.5655,0.268,0.1855,0.5429999999999999,0.242,0.6205,0.2635,0.4455
SAMPLE_04301,0.5880000000000001,0.6775,0.353,0.79,0.622,0.842,0.6385000000000001,0.5085000000000001
SAMPLE_04302,0.9245,0.3835,0.125,0.3065,0.4795,0.673,0.175,0.07849999999999999
SAMPLE_04303,0.7795000000000001,0.2495,0.46199999999999997,0.47750000000000004,0.41900000000000004,0.827,0.437,0.32599999999999996
SAMPLE_04304,0.2825,0.6275,0.5795,0.539,0.5735,0.225,0.3805,0.768
SAMPLE_04305,0.835,0.5885,0.3135,0.3655,0.6125,0.7230000000000001,0.51,0.31899999999999995
SAMPLE_04306,0.11649999999999999,0.29900000000000004,0.2,0.7335,0.313,0.152,0.48450000000000004,0.548
SAMPLE_04307,0.798,0.29,0.40599999999999997,0.40099999999999997,0.33799999999999997,0.8225,0.5760000000000001,0.24150000000000002
SAMPLE_04308,0.28600000000000003,0.5405,0.4645,0.4215,0.4445,0.2975,0.157,0.6455
SAMPLE_04309,0.0465,0.126,0.048999999999999995,0.5245,0.1355,0.039,0.461,0.08399999999999999
SAMPLE_04310,0.9855,0.85775,0.81725,0.89275,0.84475,0.9855,0.89225,0.92075
SAMPLE_04311,0.347,0.846,0.764,0.458,0.8265,0.2025,0.4645,0.8095
SAMPLE_04312,0.89,0.4575,0.114,0.372,0.4845,0.48450000000000004,0.3585,0.2635
SAMPLE_04313,0.8235,0.1185,0.1635,0.30000000000000004,0.11349999999999999,0.472,0.419,0.063
SAMPLE_04314,0.6715,0.6345000000000001,0.744,0.53,0.6255,0.6505000000000001,0.7905,0.6034999999999999
SAMPLE_04315,0.316,0.522,0.901,0.6395,0.6515,0.14550000000000002,0.8565,0.651
SAMPLE_04316,0.7025,0.476,0.2595,0.5485,0.4475,0.7235,0.43600000000000005,0.6625
SAMPLE_04317,0.4485,0.6699999999999999,0.6085,0.5185,0.8394999999999999,0.38,0.4075,0.6245
SAMPLE_04318,0.857,0.317,0.2915,0.381,0.5305,0.8435,0.546,0.425
SAMPLE_04319,0.2075,0.718,0.6045,0.385,0.642,0.22699999999999998,0.209,0.6875
SAMPLE_04320,0.659,0.509,0.448,0.6485000000000001,0.4295,0.632,0.527,0.4385
SAMPLE_04321,0.069,0.4595,0.805,0.498,0.395,0.197,0.612,0.4015
SAMPLE_04322,0.394,0.768,0.7729999999999999,0.5205000000000001,0.767,0.20800000000000002,0.439,0.786
SAMPLE_04323,0.509,0.5700000000000001,0.8005,0.42900000000000005,0.495,0.6335,0.6125,0.49250000000000005
SAMPLE_04324,0.209,0.7595000000000001,0.764,0.5810000000000001,0.6074999999999999,0.4275,0.7,0.7265
SAMPLE_04325,0.1925,0.7245,0.7995,0.5865,0.545,0.036500000000000005,0.6705,0.472
SAMPLE_04326,0.235,0.7705,0.826,0.2275,0.641,0.232,0.48450000000000004,0.615
SAMPLE_04327,0.137,0.5505,0.2455,0.6655,0.539,0.238,0.6295,0.39849999999999997
SAMPLE_04328,0.254,0.479,0.5845,0.7415,0.4425,0.0325,0.484,0.694
SAMPLE_04329,0.4735,0.7909999999999999,0.801,0.6639999999999999,0.5925,0.8845000000000001,0.7464999999999999,0.667
SAMPLE_04330,0.586,0.718,0.5565,0.5425,0.525,0.807,0.39649999999999996,0.5025000000000001
SAMPLE_04331,0.6605,0.5725,0.4535,0.5549999999999999,0.4345,0.867,0.511,0.382
SAMPLE_04332,0.46,0.669,0.6635,0.4445,0.7809999999999999,0.1325,0.429,0.4805
SAMPLE_04333,0.027,0.1655,0.2075,0.5135000000000001,0.1315,0.16699999999999998,0.5015000000000001,0.21949999999999997
SAMPLE_04334,0.424,0.6475,0.588,0.42200000000000004,0.72,0.27649999999999997,0.508,0.8049999999999999
SAMPLE_04335,0.705,0.174,0.1425,0.29550000000000004,0.1145,0.5820000000000001,0.347,0.1095
SAMPLE_04336,0.3045,0.5609999999999999,0.622,0.4745,0.629,0.2995,0.385,0.6825
SAMPLE_04337,0.9855,0.90625,0.84375,0.88425,0.94675,0.9855,0.88675,0.97375
SAMPLE_04338,0.915,0.6244999999999999,0.6665000000000001,0.41900000000000004,0.6839999999999999,0.42600000000000005,0.469,0.4645
SAMPLE_04339,0.41900000000000004,0.8855,0.62,0.4785,0.9119999999999999,0.47650000000000003,0.34550000000000003,0.7
SAMPLE_04340,0.9855,0.81425,0.69525,0.88625,0.7867500000000001,0.9855,0.88425,0.88775
SAMPLE_04341,0.486,0.6885,0.7,0.719,0.6855,0.8685,0.708,0.6905
SAMPLE_04342,0.63,0.45199999999999996,0.225,0.3105,0.393,0.42000000000000004,0.1265,0.181
SAMPLE_04343,0.114,0.6815,0.9205000000000001,0.7515000000000001,0.5225,0.1735,0.8460000000000001,0.812
SAMPLE_04344,0.267,0.517,0.778,0.1975,0.53,0.29200000000000004,0.5795,0.622
SAMPLE_04345,0.027,0.1985,0.2225,0.453,0.17400000000000002,0.11649999999999999,0.47500000000000003,0.2145
SAMPLE_04346,0.455,0.5655,0.7609999999999999,0.4455,0.641,0.75,0.8540000000000001,0.6045
SAMPLE_04347,0.6795,0.702,0.613,0.817,0.638,0.8899999999999999,0.7295,0.7035
SAMPLE_04348,0.20400000000000001,0.861,0.8625,0.49,0.76,0.41000000000000003,0.5775,0.771
SAMPLE_04349,0.393,0.5675,0.6655,0.46199999999999997,0.6739999999999999,0.27149999999999996,0.4455,0.6495
SAMPLE_04350,0.21000000000000002,0.384,0.625,0.5945,0.41550000000000004,0.0865,0.5695,0.4515
SAMPLE_04351,0.6455,0.205,0.197,0.386,0.2915,0.47450000000000003,0.2295,0.18
SAMPLE_04352,0.1615,0.523,0.3235,0.4895,0.577,0.3025,0.4945,0.6345000000000001
SAMPLE_04353,0.2535,0.8885000000000001,0.8305,0.35050000000000003,0.6955,0.2365,0.35150000000000003,0.6775
SAMPLE_04354,0.1535,0.8245,0.5745,0.4095,0.7789999999999999,0.33999999999999997,0.313,0.6895
SAMPLE_04355,0.0345,0.34600000000000003,0.5840000000000001,0.5015000000000001,0.304,0.311,0.528,0.361
SAMPLE_04356,0.513,0.6405000000000001,0.6595,0.69,0.3695,0.6645000000000001,0.6715,0.633
SAMPLE_04357,0.1745,0.525,0.151,0.48050000000000004,0.4445,0.057,0.47000000000000003,0.34950000000000003
SAMPLE_04358,0.6465000000000001,0.436,0.501,0.2015,0.3055,0.766,0.54,0.25
SAMPLE_04359,0.2375,0.8065,0.727,0.5589999999999999,0.5680000000000001,0.219,0.45899999999999996,0.75
