sample_id,Ampicillin,Levofloxacin,Ciprofloxacin,Imipenem,Amoxicillin_Clavulanic_acid,Ertapenem,Cefotaxime,Cefuroxime
SAMPLE_03360,0.5665,0.105,0.1275,0.4135,0.08800000000000001,0.46699999999999997,0.21125,0.059750000000000004
SAMPLE_03361,0.020749999999999998,0.24374999999999997,0.1535,1.0,0.05275,0.21375,0.044,0.07875
SAMPLE_03362,0.27625,0.7725,0.77225,0.10450000000000001,0.40775000000000006,0.38875,0.7165,0.46475
SAMPLE_03363,0.07650000000000001,0.41975000000000007,0.325,1.0,0.05399999999999999,0.206,0.3705,0.047
SAMPLE_03364,0.26925,0.79275,0.8200000000000001,0.1375,0.6857500000000001,0.455,0.7915000000000001,0.806
SAMPLE_03365,0.3265,0.45199999999999996,0.44575,0.10949999999999999,0.522,0.263,0.7985,0.5934999999999999
SAMPLE_03366,0.2755,0.8799999999999999,0.849,1.0,0.067,0.17700000000000002,0.4435,0.741
SAMPLE_03367,0.304,0.8312499999999999,0.796,0.23425,0.6455,0.24425000000000002,0.8190000000000001,0.88825
SAMPLE_03368,0.17825000000000002,0.927,0.9195,1.0,0.1105,0.3165,0.70275,0.7242500000000001
SAMPLE_03369,0.48824999999999996,0.9555,0.945,0.06225,0.825,0.59675,0.5892499999999999,0.823
SAMPLE_03370,0.44875,0.35625,0.407,0.6425,0.48824999999999996,0.53825,0.5315,0.8422499999999999
SAMPLE_03371,0.11624999999999999,0.15975,0.21525,0.182,0.25425,0.11875000000000001,0.18974999999999997,0.8554999999999999
SAMPLE_03372,0.23349999999999999,0.41850000000000004,0.55425,0.47050000000000003,0.7077500000000001,0.38125000000000003,0.5285,0.736
SAMPLE_03373,0.44175,0.1575,0.148,0.30375,0.7395,0.45425,0.5255,0.74375
SAMPLE_03374,0.07925,0.48350000000000004,0.398,1.0,0.366,0.177,0.06075,0.07350000000000001
SAMPLE_03375,0.37424999999999997,0.51525,0.5055000000000001,0.075,0.69775,0.10725000000000001,0.507,0.7275
SAMPLE_03376,0.1305,0.77875,0.766,0.152,0.63625,0.286,0.60925,0.8314999999999999
SAMPLE_03377,0.34325,0.79875,0.7522500000000001,0.051250000000000004,0.68275,0.1225,0.5142500000000001,0.5607500000000001
SAMPLE_03378,0.742,0.206,0.13025,0.15050000000000002,0.40075,0.2655,0.16325,0.484
SAMPLE_03379,0.69175,0.374,0.34425000000000006,0.6395,0.8405,0.87675,0.775,0.804
SAMPLE_03380,0.561,0.759,0.9595,0.152,0.8135,0.37749999999999995,0.8230000000000001,0.51625
SAMPLE_03381,0.216,0.3785,0.39449999999999996,0.16799999999999998,0.78575,0.46299999999999997,0.78625,0.8267499999999999
SAMPLE_03382,0.6245,0.11425000000000002,0.1855,0.48625,0.16975,0.52,0.23049999999999998,0.21850000000000003
SAMPLE_03383,0.78225,0.406,0.35700000000000004,0.31900000000000006,0.35650000000000004,0.528,0.3875,0.276
SAMPLE_03384,0.6441250000000001,0.7477499999999999,0.7020000000000001,0.728,0.4295,0.9297500000000001,0.762,0.50225
SAMPLE_03385,0.21699999999999997,0.44775,0.58675,0.20149999999999998,0.617,0.35825,0.51375,0.6705000000000001
SAMPLE_03386,0.531,0.6839999999999999,0.749,0.205,0.62575,0.40475,0.573,0.64975
SAMPLE_03387,0.017750000000000002,0.253,0.21449999999999997,1.0,0.0725,0.2755,0.060000000000000005,0.08725
SAMPLE_03388,0.022500000000000003,0.7235,0.6227499999999999,1.0,0.2905,0.10725000000000001,0.14425000000000002,0.7004999999999999
SAMPLE_03389,0.778,0.097,0.49775,0.32825,0.179,0.35850000000000004,0.177,0.06175
SAMPLE_03390,0.9266249999999999,0.036250000000000004,0.03825,0.05075,0.8195,0.187,0.09475,0.32325
SAMPLE_03391,0.46075,0.43199999999999994,0.6435,0.44675,0.16774999999999998,0.70525,0.645,0.17099999999999999
SAMPLE_03392,0.727,0.056,0.09875,0.27125,0.09,0.38849999999999996,0.125,0.24525
SAMPLE_03393,0.7638750000000001,0.28875,0.4377500000000001,0.5325,0.49074999999999996,0.72975,0.5692499999999999,0.11199999999999999
SAMPLE_03394,0.9085,0.401,0.36625,0.50825,0.418,0.62675,0.38825,0.25375000000000003
SAMPLE_03395,0.7937500000000001,0.27475,0.5694999999999999,0.2765,0.0805,0.40800000000000003,0.61075,0.2285
SAMPLE_03396,0.0995,0.38375,0.292,1.0,0.11199999999999999,0.10325,0.06774999999999999,0.052000000000000005
SAMPLE_03397,0.28425,0.6234999999999999,0.585,0.24524999999999997,0.77925,0.38875000000000004,0.8079999999999999,0.73125
SAMPLE_03398,0.19874999999999998,0.82175,0.9077500000000001,0.342,0.6065,0.499,0.7024999999999999,0.72025
SAMPLE_03399,0.10149999999999999,0.50275,0.48324999999999996,1.0,0.49850000000000005,0.16375,0.04325,0.08175
SAMPLE_03400,0.882125,0.3005,0.40425,0.3375,0.31825,0.29474999999999996,0.38075000000000003,0.2585
SAMPLE_03401,0.7242500000000001,0.087,0.056749999999999995,0.52225,0.6045,0.67925,0.2375,0.16549999999999998
SAMPLE_03402,0.214,0.7809999999999999,0.76175,1.0,0.33799999999999997,0.20499999999999996,0.5775,0.2385
SAMPLE_03403,0.8640000000000001,0.5247499999999999,0.43600000000000005,0.48750000000000004,0.58925,0.824,0.31075,0.44875
SAMPLE_03404,0.35775,0.5760000000000001,0.58325,0.635,0.8364999999999999,0.8654999999999999,0.688,0.76425
SAMPLE_03405,0.33599999999999997,0.6982499999999999,0.8855,0.38325,0.7595000000000001,0.5415,0.728,0.8194999999999999
SAMPLE_03406,0.72675,0.5529999999999999,0.35825000000000007,0.299,0.23299999999999998,0.35875,0.5992500000000001,0.1525
SAMPLE_03407,1.0,0.63025,0.34924999999999995,0.7995000000000001,1.0,1.0,1.0,1.0
SAMPLE_03408,0.5092500000000001,0.3355,0.3435,0.642,0.8875,0.825,0.7252500000000001,0.77025
SAMPLE_03409,0.045000000000000005,0.7132499999999999,0.6737500000000001,1.0,0.49124999999999996,0.13925,0.18125,0.65225
SAMPLE_03410,1.0,0.7455,0.5862499999999999,0.792,1.0,1.0,1.0,1.0
SAMPLE_03411,0.62625,0.13524999999999998,0.10325000000000001,0.72675,0.7092499999999999,0.9055000000000001,0.63575,0.43125
SAMPLE_03412,0.553875,0.33175,0.29850000000000004,0.54875,0.8425,0.78875,0.204,0.3675
SAMPLE_03413,0.612,0.0465,0.0825,0.30175,0.51075,0.506,0.21450000000000002,0.39675
SAMPLE_03414,0.0115,0.64,0.6655,1.0,0.1525,0.039999999999999994,0.557,0.35
SAMPLE_03415,0.7237499999999999,0.13724999999999998,0.1225,0.46175,0.14049999999999999,0.61,0.40225,0.134
SAMPLE_03416,0.673,0.67025,0.6095,0.6935,0.80125,0.88025,0.68875,0.796
SAMPLE_03417,0.07950000000000002,0.2515,0.25725,1.0,0.029750000000000002,0.27699999999999997,0.06075,0.02525
SAMPLE_03418,0.52125,0.24525,0.3915,0.49575,0.3675,0.71775,0.348,0.41575
SAMPLE_03419,0.6725,0.5385,0.45175,0.60375,0.8492500000000001,0.86125,0.8542500000000001,0.364
SAMPLE_03420,0.618,0.8935,0.8245,0.6975,0.7612500000000001,0.7995,0.95375,0.73625
SAMPLE_03421,0.193,0.55825,0.4715,0.11975,0.14450000000000002,0.23000000000000004,0.3155,0.16849999999999998
SAMPLE_03422,0.6931250000000001,0.675,0.6697500000000001,0.398,0.87325,0.50275,0.86075,0.46475
SAMPLE_03423,0.14700000000000002,0.5567500000000001,0.401,0.17975000000000002,0.28175,0.352,0.5045000000000001,0.331
SAMPLE_03424,0.17650000000000002,0.59075,0.67625,0.31799999999999995,0.446,0.56575,0.6385,0.7775000000000001
SAMPLE_03425,0.49050000000000005,0.39225,0.43274999999999997,0.7115,0.7385,0.95275,0.456,0.535
SAMPLE_03426,0.57725,0.60425,0.7065000000000001,0.5945,0.7087500000000001,0.8594999999999999,0.84675,0.90675
SAMPLE_03427,0.74625,0.21825,0.41275,0.42000000000000004,0.5515,0.32875,0.1935,0.34475
SAMPLE_03428,0.1545,0.507,0.5765,0.11699999999999999,0.52425,0.12625,0.308,0.95225
SAMPLE_03429,0.042249999999999996,0.5275,0.43674999999999997,1.0,0.0865,0.0645,0.6925,0.25525
SAMPLE_03430,0.688375,0.742,0.79475,0.62425,0.53775,0.6967500000000001,0.6839999999999999,0.51525
SAMPLE_03431,0.5872499999999999,0.274,0.33899999999999997,0.63575,0.13625,0.61,0.65775,0.3175
SAMPLE_03432,0.5499999999999999,0.8440000000000001,0.8422499999999999,0.26,0.46875,0.6515,0.9410000000000001,0.84425
SAMPLE_03433,0.064,0.58575,0.60725,1.0,0.14650000000000002,0.46975,0.061750000000000006,0.39
SAMPLE_03434,0.838625,0.3845,0.36425,0.498,0.46125000000000005,0.8345,0.5037499999999999,0.42625
SAMPLE_03435,0.86075,0.025249999999999998,0.06224999999999999,0.29850000000000004,0.27975,0.3045,0.25025,0.1925
SAMPLE_03436,0.876125,0.37750000000000006,0.223,0.28300000000000003,0.319,0.46525000000000005,0.675,0.41250000000000003
SAMPLE_03437,0.7967500000000001,0.34600000000000003,0.35025,0.19075000000000003,0.185,0.36200000000000004,0.316,0.20425
SAMPLE_03438,0.36425,0.9029999999999999,0.922,0.3785,0.5005000000000001,0.40125,0.75875,0.29300000000000004
SAMPLE_03439,0.7255,0.093,0.026000000000000002,0.49075,0.29825,0.5822499999999999,0.229,0.09225
SAMPLE_03440,0.57225,0.922,0.968,0.18325,0.62525,0.58775,0.7382500000000001,0.687
SAMPLE_03441,0.37975000000000003,0.62475,0.615,0.1825,0.5705,0.2905,0.59075,0.78475
SAMPLE_03442,0.7969999999999999,0.08524999999999999,0.050499999999999996,0.52125,0.6525000000000001,0.47174999999999995,0.27825,0.41875
SAMPLE_03443,0.841125,0.767,0.85425,0.31125,0.8347499999999999,0.57925,0.58575,0.46524999999999994
SAMPLE_03444,0.149,0.396,0.33449999999999996,1.0,0.13725,0.07975000000000002,0.051750000000000004,0.5935
SAMPLE_03445,0.54075,0.364,0.5425,0.6930000000000001,0.7490000000000001,0.8347500000000001,0.52025,0.7649999999999999
SAMPLE_03446,0.45575,0.6285000000000001,0.6145,0.45475,0.41125,0.62,0.372,0.388
SAMPLE_03447,0.5660000000000001,0.778,0.91625,0.16799999999999998,0.64425,0.268,0.78025,0.6015
SAMPLE_03448,0.76725,0.20224999999999999,0.32075,0.667,0.9077500000000001,0.7785,0.59525,0.583
SAMPLE_03449,0.20675,0.027499999999999997,0.0115,0.2955,0.48950000000000005,0.512,0.1195,0.63625
SAMPLE_03450,0.1835,0.11725,0.0915,0.23175,0.562,0.43125,0.44525,0.43925
SAMPLE_03451,0.05125,0.9645,0.95225,1.0,0.03775,0.316,0.72075,0.619
SAMPLE_03452,0.32125,0.481,0.65225,0.11825,0.7097499999999999,0.2825,0.40700000000000003,0.677
SAMPLE_03453,0.18650000000000003,0.7110000000000001,0.6715,1.0,0.29975,0.27449999999999997,0.38075000000000003,0.21550000000000002
SAMPLE_03454,0.62625,0.40325000000000005,0.42374999999999996,0.24825,0.47075,0.29375,0.36175,0.29275
SAMPLE_03455,0.652875,0.1945,0.23774999999999996,0.46199999999999997,0.37775000000000003,0.65225,0.257,0.18825
SAMPLE_03456,0.8001250000000001,0.36124999999999996,0.3225,0.259,0.16675,0.37025,0.1715,0.17225
SAMPLE_03457,0.358,0.88825,0.9712500000000001,0.22749999999999998,0.942,0.749,0.67725,0.7255000000000001
SAMPLE_03458,0.56625,0.48275,0.9027499999999999,0.4275,0.7725,0.58025,0.78125,0.9175000000000001
SAMPLE_03459,0.63325,0.34299999999999997,0.3045,0.6064999999999999,0.86825,0.952,0.71,0.48225000000000007
SAMPLE_03460,0.7262500000000001,0.16925,0.29500000000000004,0.5935,0.7132499999999999,0.7475,0.5780000000000001,0.38425
SAMPLE_03461,0.3165,0.49125,0.6785,0.2105,0.82875,0.5429999999999999,0.7260000000000001,0.7405
SAMPLE_03462,0.24675000000000002,0.41050000000000003,0.2955,0.205,0.6497499999999999,0.43775,0.47575,0.93475
SAMPLE_03463,1.0,0.7555,0.46775,0.797625,1.0,1.0,1.0,1.0
SAMPLE_03464,0.84625,0.05,0.07425000000000001,0.21700000000000003,0.7472500000000001,0.26875,0.096,0.19075
SAMPLE_03465,0.5195,0.5555,0.43725,0.38849999999999996,0.36624999999999996,0.60175,0.42625,0.37925
SAMPLE_03466,0.26775,0.891,0.80225,1.0,0.29475,0.14275000000000002,0.7095,0.259
SAMPLE_03467,0.31375,0.8545,0.82775,0.46875,0.71,0.5585,0.91225,0.77925
SAMPLE_03468,0.14325,0.475,0.3005,0.07325000000000001,0.64375,0.168,0.24724999999999997,0.347
SAMPLE_03469,0.838,0.094,0.36500000000000005,0.4615,0.39449999999999996,0.55225,0.175,0.21
SAMPLE_03470,0.9339999999999999,0.3445,0.22625,0.26549999999999996,0.18674999999999997,0.5585,0.27575,0.06999999999999999
SAMPLE_03471,0.245,0.7927500000000001,0.81525,1.0,0.149,0.02975,0.5599999999999999,0.14675
SAMPLE_03472,0.7525000000000001,0.10625,0.10175,0.27875,0.6405,0.44000000000000006,0.11599999999999999,0.31599999999999995
SAMPLE_03473,0.22899999999999998,0.9255,0.946,1.0,0.40325000000000005,0.137,0.50925,0.67725
SAMPLE_03474,0.61025,0.21150000000000002,0.24774999999999997,0.41225,0.89725,0.7210000000000001,0.4635,0.45675
SAMPLE_03475,0.32025000000000003,0.5265,0.6275,0.15625000000000003,0.82425,0.419,0.744,0.67425
SAMPLE_03476,0.6115,0.161,0.15749999999999997,0.45925,0.33525000000000005,0.6855,0.16274999999999998,0.03625
SAMPLE_03477,0.52925,0.72,0.63225,0.29974999999999996,0.43224999999999997,0.369,0.5275000000000001,0.67325
SAMPLE_03478,0.6699999999999999,0.67675,0.723,0.53175,0.5627500000000001,0.8845000000000001,0.7587499999999999,0.31174999999999997
SAMPLE_03479,0.782,0.83825,0.7825,0.45225,0.84725,0.7677499999999999,0.7665,0.7955
SAMPLE_03480,0.854,0.5965,0.6762499999999999,0.1545,0.2925,0.45100000000000007,0.6015,0.357
SAMPLE_03481,0.742125,0.1055,0.17450000000000002,0.505,0.38725,0.55175,0.32425,0.32875
SAMPLE_03482,0.27025,0.8085,0.8055,0.23224999999999996,0.2575,0.47050000000000003,0.66675,0.19824999999999998
SAMPLE_03483,0.69575,0.482,0.41950000000000004,0.33325,0.48124999999999996,0.6602499999999999,0.70225,0.36775
SAMPLE_03484,0.5707500000000001,0.8029999999999999,0.7707499999999999,0.6732499999999999,0.9015,0.9227500000000001,0.9025,0.514
SAMPLE_03485,0.264,0.66125,0.7030000000000001,0.0175,0.52925,0.16075,0.38725000000000004,0.45775
SAMPLE_03486,0.1435,0.871,0.7899999999999999,1.0,0.27475,0.17025,0.18650000000000005,0.125
SAMPLE_03487,0.5285,0.19575000000000004,0.18700000000000003,0.74025,0.35675,0.7442500000000001,0.31349999999999995,0.09925
SAMPLE_03488,0.5405,0.71175,0.70725,0.187,0.33225,0.37475,0.6002500000000001,0.7270000000000001
SAMPLE_03489,0.248,0.4835,0.4595,0.3285,0.6415000000000001,0.308,0.43274999999999997,0.79875
SAMPLE_03490,0.28675,0.9005000000000001,0.81625,1.0,0.26325,0.18625,0.27575,0.23799999999999996
SAMPLE_03491,0.685,0.436,0.32799999999999996,0.61775,0.819,0.7689999999999999,0.6005,0.6867500000000001
SAMPLE_03492,0.52675,0.3335,0.45825000000000005,0.5227499999999999,0.31275,0.5615000000000001,0.5197499999999999,0.44625
SAMPLE_03493,0.8179999999999998,0.8367500000000001,0.8270000000000001,0.3115,0.3645,0.8420000000000001,0.9464999999999999,0.50175
SAMPLE_03494,0.11499999999999999,0.49675,0.38875000000000004,1.0,0.211,0.22650000000000003,0.10825000000000001,0.51125
SAMPLE_03495,0.7705000000000001,0.3635,0.14525,0.509,0.41875000000000007,0.70575,0.4875,0.369
SAMPLE_03496,0.6835,0.1345,0.0535,0.245,0.4255,0.41200000000000003,0.21300000000000002,0.31975
SAMPLE_03497,0.47575,0.43425,0.4315,0.60025,0.5934999999999999,0.7945,0.78225,0.527
SAMPLE_03498,0.11349999999999999,0.787,0.61175,1.0,0.315,0.14125000000000001,0.19950000000000004,0.3775
SAMPLE_03499,0.765,0.72875,0.73325,0.5515,0.6234999999999999,0.73925,0.67375,0.9062500000000001
SAMPLE_03500,0.898,0.69275,0.7869999999999999,0.481,0.3355,0.54925,0.7749999999999999,0.43875
SAMPLE_03501,0.23075,0.61725,0.7330000000000001,0.03425,0.6279999999999999,0.15475,0.1245,0.91625
SAMPLE_03502,0.8175,0.81,0.761,0.7350000000000001,0.4455,0.9272499999999999,0.8404999999999999,0.32175000000000004
SAMPLE_03503,0.903875,0.2775,0.4025,0.43875,0.26375,0.4625,0.531,0.28675
SAMPLE_03504,0.182,0.39525,0.283,0.16875,0.68425,0.511,0.41700000000000004,0.8710000000000001
SAMPLE_03505,0.6375000000000001,0.445,0.59275,0.68525,0.7050000000000001,0.7865,0.805,0.57275
SAMPLE_03506,0.1905,0.38849999999999996,0.42100000000000004,1.0,0.1275,0.09075,0.372,0.32325000000000004
SAMPLE_03507,0.09375,0.50475,0.433,1.0,0.08975,0.30200000000000005,0.09325000000000001,0.05550000000000001
SAMPLE_03508,0.9105,0.49624999999999997,0.49924999999999997,0.36475,0.25075000000000003,0.368,0.45925000000000005,0.26625
SAMPLE_03509,0.7935,0.28325,0.3945,0.38449999999999995,0.36175,0.7697499999999999,0.4665,0.25675
SAMPLE_03510,0.196,0.61375,0.6647500000000001,1.0,0.21050000000000002,0.09525,0.25375,0.516
SAMPLE_03511,0.650625,0.10899999999999999,0.09775,0.259,0.658,0.55875,0.14925,0.3635
SAMPLE_03512,0.1585,0.61075,0.505,0.48150000000000004,0.6425000000000001,0.44675000000000004,0.61075,0.89375
SAMPLE_03513,0.4275,0.38125,0.598,0.61925,0.5614999999999999,0.735,0.80075,0.8752500000000001
SAMPLE_03514,0.8447500000000001,0.38975,0.4715,0.41425,0.42075,0.40299999999999997,0.45875,0.13125
SAMPLE_03515,0.30875,0.66525,0.74725,0.14850000000000002,0.5265,0.1135,0.66925,0.80725
SAMPLE_03516,0.7797499999999999,0.8502500000000001,0.88425,0.50375,0.5865,0.8414999999999999,0.90625,0.536
SAMPLE_03517,0.01375,0.381,0.33975,1.0,0.30324999999999996,0.1395,0.07275000000000001,0.252
SAMPLE_03518,0.06725,0.32325000000000004,0.32125000000000004,1.0,0.28375,0.33775,0.10525000000000001,0.33325
SAMPLE_03519,0.52775,0.85325,0.8484999999999999,0.63225,0.5317500000000001,0.776,0.5745,0.6752499999999999
SAMPLE_03520,0.53825,0.6505000000000001,0.5407500000000001,0.40225,0.92875,0.61425,0.7317500000000001,0.849
SAMPLE_03521,0.7416250000000001,0.2535,0.29325,0.46299999999999997,0.28425,0.563,0.44125000000000003,0.3635
SAMPLE_03522,0.1995,0.46625,0.32825000000000004,1.0,0.056999999999999995,0.15675,0.231,0.185
SAMPLE_03523,0.64925,0.9697500000000001,0.9415,0.6715,0.94175,0.9552499999999999,0.967,0.92225
SAMPLE_03524,0.8240000000000001,0.07275,0.113,0.4205,0.7965,0.46375,0.11174999999999999,0.34524999999999995
SAMPLE_03525,0.50875,0.49250000000000005,0.482,0.7635000000000001,0.8885,0.94625,0.67775,0.63375
SAMPLE_03526,0.16424999999999998,0.27125,0.15875,1.0,0.3395,0.18,0.12575,0.67975
SAMPLE_03527,0.879375,0.2965,0.5515000000000001,0.2945,0.7942499999999999,0.52225,0.57925,0.5295000000000001
SAMPLE_03528,0.49724999999999997,0.40349999999999997,0.43174999999999997,0.517,0.6355,0.77,0.58775,0.8087500000000001
SAMPLE_03529,0.15275,0.7665,0.7597499999999999,1.0,0.2995,0.45475,0.55475,0.7934999999999999
SAMPLE_03530,0.8135000000000001,0.57975,0.428,0.219,0.2015,0.32899999999999996,0.44799999999999995,0.23975000000000002
SAMPLE_03531,0.77,0.6615,0.5760000000000001,0.37550000000000006,0.6677500000000001,0.70225,0.7585,0.3525
SAMPLE_03532,0.6085,0.5592499999999999,0.5487500000000001,0.57025,0.62825,0.8032499999999999,0.73125,0.745
SAMPLE_03533,0.5630000000000001,0.54425,0.5985,0.6855,0.48525000000000007,0.9132499999999999,0.85825,0.569
SAMPLE_03534,0.072,0.75975,0.7637499999999999,1.0,0.50325,0.3315,0.60975,0.679
SAMPLE_03535,0.10475,0.42425,0.235,1.0,0.25425,0.12575,0.0175,0.027000000000000003
SAMPLE_03536,0.26875,0.7545,0.79575,0.29225,0.55,0.36075,0.5295,0.76125
SAMPLE_03537,0.6935,0.6875,0.77925,0.744,0.91925,0.9095,0.886,0.79675
SAMPLE_03538,0.08725,0.51375,0.60425,0.1175,0.4675,0.14100000000000001,0.35075,0.51825
SAMPLE_03539,0.0555,0.36524999999999996,0.34099999999999997,0.036500000000000005,0.60175,0.08374999999999999,0.5545,0.92475
SAMPLE_03540,1.0,0.5075000000000001,0.26575,0.7965,1.0,1.0,1.0,1.0
SAMPLE_03541,0.7302500000000001,0.7685,0.7512500000000001,0.7192500000000001,0.671,0.95575,0.92175,0.51675
SAMPLE_03542,0.7505,0.8392499999999999,0.87375,0.57475,0.9535,0.65925,0.938,0.676
SAMPLE_03543,0.8170000000000001,0.60375,0.48775,0.5205,0.52375,0.636,0.617,0.32875000000000004
SAMPLE_03544,0.03225,0.403,0.2965,1.0,0.174,0.2525,0.1005,0.2555
SAMPLE_03545,0.772,0.68275,0.67275,0.552,0.45475,0.60375,0.71325,0.38125
SAMPLE_03546,0.66475,0.2595,0.3795,0.49324999999999997,0.17275,0.7244999999999999,0.38925,0.07475
SAMPLE_03547,0.18275000000000002,0.6065,0.476,1.0,0.62475,0.76575,0.30374999999999996,0.76925
SAMPLE_03548,0.5502499999999999,0.16025,0.18925,0.2325,0.26925,0.29025,0.08075,0.0755
SAMPLE_03549,0.525,0.22524999999999998,0.25975,0.5555,0.724,0.75,0.507,0.4335
SAMPLE_03550,0.656,0.3185,0.32375,0.2385,0.59375,0.4655,0.21550000000000002,0.35175
SAMPLE_03551,0.08,0.7742499999999999,0.7285,1.0,0.09050000000000001,0.21400000000000002,0.8475,0.321
SAMPLE_03552,0.75675,0.2605,0.18975,0.42524999999999996,0.33175,0.7250000000000001,0.389,0.271
SAMPLE_03553,0.7615,0.25625000000000003,0.32525,0.4385,0.41825,0.82425,0.4485,0.13524999999999998
SAMPLE_03554,0.548,0.15275,0.157,0.491,0.34950000000000003,0.52525,0.21225,0.06574999999999999
SAMPLE_03555,0.17975000000000002,0.0925,0.029499999999999995,0.15800000000000003,0.59625,0.16849999999999998,0.10624999999999998,0.34524999999999995
SAMPLE_03556,0.768,0.304,0.31025,0.506,0.34375,0.83475,0.5325000000000001,0.17325
SAMPLE_03557,0.61275,0.594,0.6695,0.66525,0.7337499999999999,0.8712499999999999,0.7335,0.80975
SAMPLE_03558,0.8245,0.21275,0.21025,0.54275,0.349,0.657,0.41075,0.30174999999999996
SAMPLE_03559,0.549,0.2765,0.302,0.435,0.18975,0.72325,0.50525,0.0965
SAMPLE_03560,0.12525,0.529,0.40625,0.29175,0.29625,0.3915,0.39225,0.74925
SAMPLE_03561,0.045,0.3335,0.28325,1.0,0.34824999999999995,0.18250000000000002,0.44825,0.1355
SAMPLE_03562,0.66425,0.524,0.5645,0.59125,0.508,0.404,0.40275,0.3125
SAMPLE_03563,0.33775,0.5325,0.6675,0.19225,0.7502500000000001,0.22725,0.754,0.68675
SAMPLE_03564,0.33125,0.33475,0.5162500000000001,0.10900000000000001,0.65175,0.3725,0.2485,0.87375
SAMPLE_03565,0.8082499999999999,0.28475,0.301,0.5569999999999999,0.31224999999999997,0.7105,0.775,0.23575000000000002
SAMPLE_03566,0.733,0.143,0.041999999999999996,0.6375,0.9239999999999999,0.644,0.25925000000000004,0.63325
SAMPLE_03567,0.30925,0.80075,0.7372500000000001,0.371,0.73175,0.248,0.70425,0.73875
SAMPLE_03568,0.06874999999999999,0.70575,0.744,1.0,0.32875,0.247,0.24725,0.471
SAMPLE_03569,0.9295,0.29374999999999996,0.3,0.3145,0.19699999999999998,0.47525,0.428,0.15525
SAMPLE_03570,0.872125,0.9309999999999999,0.8659999999999999,0.27449999999999997,0.585,0.68075,0.93025,0.495
SAMPLE_03571,0.6292500000000001,0.48875,0.60775,0.39949999999999997,0.7375,0.55275,0.75825,0.673
SAMPLE_03572,0.59975,0.56,0.5325,0.7517499999999999,0.7797499999999999,0.9284999999999999,0.71025,0.41225
SAMPLE_03573,0.45325,0.49824999999999997,0.54475,0.7122499999999999,0.414,0.91225,0.61675,0.8745
SAMPLE_03574,0.009000000000000001,0.178,0.0965,1.0,0.22299999999999998,0.08225,0.02775,0.0805
SAMPLE_03575,0.24250000000000002,0.6812499999999999,0.63825,1.0,0.30700000000000005,0.18900000000000003,0.36875,0.08474999999999999
SAMPLE_03576,1.0,0.9762500000000001,0.9412499999999999,0.79575,1.0,1.0,1.0,1.0
SAMPLE_03577,0.56425,0.39225,0.3635,0.56075,0.21125,0.6535,0.5674999999999999,0.28175
SAMPLE_03578,0.675,0.39975,0.24650000000000002,0.6475,0.44425,0.8330000000000001,0.57675,0.331
SAMPLE_03579,0.8025,0.25875,0.29925,0.358,0.24075,0.37525,0.26375000000000004,0.3055
SAMPLE_03580,0.07225,0.2165,0.1395,1.0,0.2925,0.08850000000000001,0.055749999999999994,0.7295
SAMPLE_03581,0.21625000000000003,0.7797499999999999,0.7622500000000001,1.0,0.44625000000000004,0.2105,0.26775,0.87175
SAMPLE_03582,0.50975,0.78725,0.77375,0.24375,0.56725,0.6905000000000001,0.4815,0.84775
SAMPLE_03583,0.6525000000000001,0.704,0.69,0.54575,0.38125000000000003,0.9137500000000001,0.714,0.3195
SAMPLE_03584,0.28500000000000003,0.30825,0.31575,0.16,0.515,0.3895,0.305,0.52025
SAMPLE_03585,0.8592500000000001,0.37475,0.5867500000000001,0.45699999999999996,0.5037499999999999,0.49674999999999997,0.31375000000000003,0.41000000000000003
SAMPLE_03586,0.78225,0.19349999999999998,0.29000000000000004,0.304,0.017,0.36675,0.49999999999999994,0.15450000000000003
SAMPLE_03587,0.122,0.7877500000000001,0.7585,1.0,0.162,0.20375,0.54375,0.3975
SAMPLE_03588,0.292,0.976,0.98675,1.0,0.11975,0.132,0.93625,0.63725
SAMPLE_03589,0.54775,0.4125,0.82,0.159,0.43775,0.3475,0.272,0.9305
SAMPLE_03590,0.19025,0.447,0.32575000000000004,1.0,0.33375,0.2575,0.14200000000000002,0.0635
SAMPLE_03591,0.36249999999999993,0.8335,0.8414999999999999,0.07125000000000001,0.6167499999999999,0.1365,0.6185,0.7675000000000001
SAMPLE_03592,0.764,0.501,0.498,0.478,0.721,0.8005,0.64475,0.8347499999999999
SAMPLE_03593,0.60675,0.58775,0.52075,0.32625000000000004,0.40275,0.7469999999999999,0.41625,0.55725
SAMPLE_03594,1.0,0.911,0.86825,0.79625,1.0,1.0,1.0,1.0
SAMPLE_03595,0.1755,0.91425,0.932,1.0,0.5455,0.207,0.387,0.726
SAMPLE_03596,0.929125,0.131,0.12325000000000001,0.4675,0.6495,0.53625,0.313,0.4265
SAMPLE_03597,0.16999999999999998,0.0885,0.089,0.13624999999999998,0.72875,0.18325,0.25525,0.864
SAMPLE_03598,0.65925,0.10075,0.18800000000000003,0.4535,0.60075,0.56325,0.25975,0.1985
SAMPLE_03599,0.18975,0.8895000000000001,0.8665,1.0,0.020999999999999998,0.118,0.71875,0.3585
SAMPLE_03600,0.56375,0.8165,0.6214999999999999,0.652,0.44,0.899,0.70475,0.43724999999999997
SAMPLE_03601,0.32975,0.71075,0.87025,0.28600000000000003,0.7927500000000001,0.653,0.77125,0.834
SAMPLE_03602,0.517,0.794,0.75225,0.23125,0.5367500000000001,0.43799999999999994,0.57675,0.6427499999999999
SAMPLE_03603,0.5545,0.37274999999999997,0.1895,0.50825,0.33625,0.6735,0.3915,0.30825
SAMPLE_03604,1.0,0.9045,0.88775,0.7897500000000001,1.0,1.0,1.0,1.0
SAMPLE_03605,0.32075000000000004,0.77175,0.6495,0.18825000000000003,0.75725,0.45724999999999993,0.9065000000000001,0.92675
SAMPLE_03606,0.1915,0.4595,0.5135,1.0,0.41324999999999995,0.12124999999999998,0.18825,0.5634999999999999
SAMPLE_03607,0.8162500000000001,0.0125,0.09700000000000002,0.22275,0.34625,0.31775,0.067,0.1345
SAMPLE_03608,0.213,0.4995,0.47175,0.32075,0.55525,0.49025,0.26825,0.6779999999999999
SAMPLE_03609,0.5907499999999999,0.0695,0.084,0.408,0.132,0.52825,0.05975,0.0335
SAMPLE_03610,0.22150000000000003,0.42800000000000005,0.528,0.57275,0.497,0.75125,0.1755,0.7295
SAMPLE_03611,0.84375,0.231,0.26625000000000004,0.34275,0.2365,0.46900000000000003,0.40274999999999994,0.137
SAMPLE_03612,0.7042499999999999,0.08425,0.067,0.37750000000000006,0.11725,0.536,0.155,0.08900000000000001
SAMPLE_03613,0.49524999999999997,0.7435,0.677,0.65225,0.68425,0.718,0.813,0.41125
SAMPLE_03614,0.5785,0.817,0.7374999999999999,0.6104999999999999,0.7375,0.87075,0.9227500000000001,0.5952500000000001
SAMPLE_03615,0.5549999999999999,0.34225,0.5157499999999999,0.675,0.47750000000000004,0.831,0.835,0.486
SAMPLE_03616,0.7537499999999999,0.52825,0.61375,0.7095,0.8135,0.8412499999999999,0.8404999999999999,0.45725000000000005
SAMPLE_03617,0.14250000000000002,0.21675,0.247,0.1385,0.5275000000000001,0.31525,0.29275,0.6832499999999999
SAMPLE_03618,0.35075,0.63275,0.8160000000000001,0.03975000000000001,0.72325,0.2425,0.465,0.73475
SAMPLE_03619,0.71325,0.92525,0.94675,0.6515,0.919,0.9325,0.9552499999999999,0.55775
SAMPLE_03620,0.78675,0.188,0.14275,0.57675,0.40525,0.6194999999999999,0.19025,0.27349999999999997
SAMPLE_03621,0.5165,0.253,0.43875000000000003,0.40850000000000003,0.71975,0.58275,0.37925,0.48800000000000004
SAMPLE_03622,0.04775,0.50875,0.40675,1.0,0.1485,0.195,0.394,0.11275
SAMPLE_03623,0.51275,0.47775,0.67425,0.579,0.878,0.751,0.44375,0.72525
SAMPLE_03624,0.239,0.643,0.8267500000000001,0.10725,0.645,0.0205,0.83325,0.679
SAMPLE_03625,0.31925000000000003,0.9385,0.9425,1.0,0.6965,0.5482500000000001,0.879,0.827
SAMPLE_03626,0.63825,0.40425,0.4594999999999999,0.4155,0.34524999999999995,0.7855,0.6312500000000001,0.42075
SAMPLE_03627,0.8130000000000001,0.27175000000000005,0.47624999999999995,0.25625,0.9317500000000001,0.50375,0.45599999999999996,0.81375
SAMPLE_03628,0.4385,0.777,0.769,0.7749999999999999,0.9574999999999999,0.91675,0.9089999999999999,0.6890000000000001
SAMPLE_03629,0.53575,0.78325,0.7967500000000001,0.09875,0.7195,0.20925000000000002,0.92925,0.6752499999999999
SAMPLE_03630,0.1215,0.22699999999999998,0.26999999999999996,0.50125,0.5285,0.5415,0.1605,0.8015
SAMPLE_03631,0.27475000000000005,0.47675,0.1845,0.07675000000000001,0.43300000000000005,0.1495,0.40575000000000006,0.8584999999999999
SAMPLE_03632,0.091,0.19075000000000003,0.07150000000000001,0.179,0.6797500000000001,0.1635,0.3245,0.9664999999999999
SAMPLE_03633,0.1875,0.7835000000000001,0.628,1.0,0.11825,0.08575,0.21725,0.591
SAMPLE_03634,0.6499999999999999,0.36725,0.29925,0.24625,0.32475000000000004,0.55625,0.35575,0.14049999999999999
SAMPLE_03635,0.71875,0.459,0.52625,0.5692499999999999,0.6275,0.732,0.85675,0.40175000000000005
SAMPLE_03636,0.768875,0.20474999999999996,0.21725,0.4115,0.8827499999999999,0.7244999999999999,0.43000000000000005,0.5075000000000001
SAMPLE_03637,0.65875,0.7889999999999999,0.6267499999999999,0.62525,0.7225,0.8885,0.79425,0.8879999999999999
SAMPLE_03638,0.83475,0.10125,0.1915,0.417,0.2905,0.3015,0.20274999999999999,0.243
SAMPLE_03639,0.7965,0.07100000000000001,0.08675000000000001,0.34175,0.47975,0.46925000000000006,0.19574999999999998,0.06525
SAMPLE_03640,0.698,0.58325,0.5105,0.61025,0.6575,0.7685,0.496,0.82725
SAMPLE_03641,0.33125,0.8267500000000001,0.7887500000000001,0.323,0.8502500000000001,0.35900000000000004,0.89875,0.94075
SAMPLE_03642,0.041249999999999995,0.34924999999999995,0.19675,1.0,0.24724999999999997,0.3525,0.059500000000000004,0.12400000000000001
SAMPLE_03643,0.870625,0.46275,0.50725,0.67,0.31100000000000005,0.8332499999999999,0.45825,0.17724999999999996
SAMPLE_03644,0.206,0.49499999999999994,0.48124999999999996,1.0,0.339,0.322,0.51675,0.28
SAMPLE_03645,0.58925,0.623,0.34450000000000003,0.5855,0.56075,0.65475,0.39075000000000004,0.8402499999999999
SAMPLE_03646,0.5822499999999999,0.059000000000000004,0.0605,0.2245,0.40525,0.50125,0.55325,0.6935
SAMPLE_03647,0.6855,0.18675000000000003,0.395,0.31875,0.14025,0.46,0.3885,0.10325
SAMPLE_03648,0.71025,0.321,0.36624999999999996,0.4505,0.3345,0.675,0.315,0.37224999999999997
SAMPLE_03649,0.10975000000000001,0.605,0.66475,0.14350000000000002,0.57625,0.34175,0.301,0.6615
SAMPLE_03650,1.0,0.8747499999999999,0.798,0.7987500000000001,1.0,1.0,1.0,1.0
SAMPLE_03651,0.74475,0.17825000000000002,0.18375,0.34925,0.13975,0.494,0.15475,0.05025
SAMPLE_03652,0.36650000000000005,0.1905,0.16975,0.26,0.739,0.6070000000000001,0.5885,0.55725
SAMPLE_03653,0.78675,0.66125,0.8295,0.262,0.59175,0.42424999999999996,0.7402500000000001,0.43675
SAMPLE_03654,0.128,0.527,0.3325,0.18874999999999997,0.80475,0.2105,0.601,0.9464999999999999
SAMPLE_03655,0.721375,0.554,0.546,0.451,0.2455,0.6114999999999999,0.53,0.25425
SAMPLE_03656,0.5217499999999999,0.9457500000000001,0.9085,0.36875,0.5885,0.613,0.95075,0.5730000000000001
SAMPLE_03657,0.7987500000000001,0.2255,0.15975,0.314,0.137,0.3805,0.1575,0.108
SAMPLE_03658,0.8743749999999999,0.5345,0.549,0.4055,0.44850000000000007,0.43425,0.69825,0.29274999999999995
SAMPLE_03659,0.7425,0.51275,0.38349999999999995,0.49824999999999997,0.5705,0.839,0.6455000000000001,0.43925
SAMPLE_03660,0.8195,0.62575,0.62625,0.365,0.256,0.6545,0.6865,0.25975
SAMPLE_03661,0.8995000000000001,0.109,0.061,0.155,0.05275,0.35275,0.0685,0.012499999999999999
SAMPLE_03662,0.13999999999999999,0.46299999999999997,0.36774999999999997,1.0,0.14175000000000001,0.25,0.57125,0.2975
SAMPLE_03663,0.5175,0.84975,0.79925,0.5335000000000001,0.76925,0.53375,0.83225,0.60325
SAMPLE_03664,0.818625,0.1355,0.248,0.27475000000000005,0.1095,0.409,0.4975,0.176
SAMPLE_03665,0.77425,0.9892500000000001,0.99125,0.7195,0.9572499999999999,0.9592499999999999,0.97,0.76925
SAMPLE_03666,0.32,0.448,0.42700000000000005,0.23175,0.5445,0.55075,0.42624999999999996,0.70025
SAMPLE_03667,0.57375,0.758,0.7942499999999999,0.20875,0.75575,0.241,0.54275,0.6525000000000001
SAMPLE_03668,0.282,0.7605,0.766,1.0,0.735,0.4425,0.318,0.41775
SAMPLE_03669,0.810125,0.30175,0.36224999999999996,0.36525,0.50425,0.6864999999999999,0.36150000000000004,0.2745
SAMPLE_03670,0.6347499999999999,0.058249999999999996,0.03125,0.64175,0.13625,0.40275000000000005,0.1375,0.204
SAMPLE_03671,0.26275000000000004,0.4955,0.7895,0.129,0.7170000000000001,0.203,0.56025,0.8607499999999999
SAMPLE_03672,0.1735,0.7144999999999999,0.52725,0.20249999999999999,0.32275,0.335,0.25525,0.18849999999999997
SAMPLE_03673,0.16275,0.36749999999999994,0.244,0.1465,0.35125,0.15425,0.46225,0.75925
SAMPLE_03674,0.6112500000000001,0.36350000000000005,0.43375,0.38775,0.67625,0.7725,0.49,0.331
SAMPLE_03675,0.844875,0.0395,0.027750000000000004,0.43325,0.08700000000000001,0.55975,0.09675,0.063
SAMPLE_03676,0.75875,0.3525,0.4335,0.5,0.3035,0.74475,0.7122499999999998,0.26849999999999996
SAMPLE_03677,0.6355000000000001,0.5795,0.6425,0.5947499999999999,0.40499999999999997,0.7597499999999999,0.7597499999999999,0.22874999999999998
SAMPLE_03678,0.8160000000000001,0.9384999999999999,0.8285,0.768,0.7427499999999999,0.89775,0.84375,0.8025
SAMPLE_03679,0.28,0.97125,0.9495,1.0,0.40475000000000005,0.2495,0.81725,0.58675
SAMPLE_03680,0.793875,0.12575,0.10024999999999999,0.44575,0.19074999999999998,0.38249999999999995,0.29625,0.26125
SAMPLE_03681,0.60875,0.4455,0.39525000000000005,0.5705,0.4505,0.7520000000000001,0.31749999999999995,0.8945000000000001
SAMPLE_03682,0.23100000000000004,0.60525,0.6015,0.28500000000000003,0.50425,0.43125,0.44625000000000004,0.40475
SAMPLE_03683,0.69825,0.30525,0.49625,0.43074999999999997,0.70175,0.595,0.34724999999999995,0.42725
SAMPLE_03684,0.71225,0.23199999999999998,0.1215,0.39975,0.158,0.6125,0.18975,0.06425
SAMPLE_03685,0.76975,0.81325,0.84875,0.71275,0.85725,0.943,0.9077500000000001,0.8937499999999999
SAMPLE_03686,0.55075,0.7047500000000001,0.8242499999999999,0.41575,0.7095,0.6772499999999999,0.75725,0.829
SAMPLE_03687,0.90825,0.311,0.43224999999999997,0.39575000000000005,0.29125,0.5197499999999999,0.4365,0.17
SAMPLE_03688,0.7729999999999999,0.301,0.29175,0.37525,0.33375,0.661,0.28725,0.10899999999999999
SAMPLE_03689,0.62925,0.20825,0.19774999999999998,0.3835,0.32425,0.46375,0.277,0.15675
SAMPLE_03690,0.55875,0.3245,0.34175,0.493,0.2015,0.7342500000000001,0.19824999999999998,0.24025
SAMPLE_03691,0.07475,0.87625,0.84525,1.0,0.6275,0.278,0.7947500000000001,0.8182499999999999
SAMPLE_03692,0.6842499999999999,0.09799999999999999,0.11299999999999999,0.25575000000000003,0.41350000000000003,0.34925,0.159,0.325
SAMPLE_03693,0.44,0.8325,0.8572500000000001,0.7747499999999999,0.81775,0.93975,0.935,0.704
SAMPLE_03694,0.7040000000000001,0.35325,0.482,0.602,0.15225,0.8685,0.746,0.23374999999999999
SAMPLE_03695,0.8645,0.14175,0.34425,0.38125000000000003,0.11124999999999999,0.42925,0.49625,0.19725
SAMPLE_03696,0.23075,0.70425,0.65125,0.499,0.44625000000000004,0.59125,0.6275000000000001,0.75475
SAMPLE_03697,0.2155,0.24125000000000002,0.25425000000000003,0.19325,0.37175,0.7137499999999999,0.71275,0.52175
SAMPLE_03698,0.19624999999999998,0.83125,0.7782500000000001,0.056499999999999995,0.66725,0.10925000000000001,0.655,0.22975
SAMPLE_03699,0.2785,0.42724999999999996,0.29875,0.1295,0.7052499999999999,0.22525,0.27275,0.8564999999999999
SAMPLE_03700,0.6675,0.5085,0.325,0.6227499999999999,0.21875,0.4415,0.41775,0.47950000000000004
SAMPLE_03701,0.12775,0.54925,0.35925,0.375,0.6244999999999999,0.51,0.56625,0.9315
SAMPLE_03702,0.8400000000000001,0.7195,0.695,0.755,0.8145,0.94625,0.83775,0.399
SAMPLE_03703,1.0,0.9885,0.99,0.7887500000000001,1.0,1.0,1.0,1.0
SAMPLE_03704,0.63975,0.85925,0.87825,0.70775,0.60625,0.91575,0.7995,0.38175
SAMPLE_03705,0.5295,0.6905,0.7575000000000001,0.29325,0.86825,0.40850000000000003,0.7662500000000001,0.9095000000000001
SAMPLE_03706,0.307,0.377,0.17575000000000002,0.0955,0.71,0.0405,0.5955,0.93125
SAMPLE_03707,0.8452500000000001,0.17075,0.237,0.33475,0.41425,0.58775,0.29925,0.22925
SAMPLE_03708,0.38,0.5902499999999999,0.512,1.0,0.09525,0.265,0.34950000000000003,0.10525
SAMPLE_03709,0.78975,0.10075,0.16149999999999998,0.2395,0.813,0.5495,0.22749999999999998,0.44975
SAMPLE_03710,0.8407500000000001,0.244,0.26075,0.427,0.1555,0.5115000000000001,0.195,0.1245
SAMPLE_03711,0.5445,0.8892500000000001,0.928,0.18125,0.957,0.25675,0.8220000000000001,0.8665
SAMPLE_03712,0.5385,0.46175,0.5619999999999999,0.36625,0.702,0.7055,0.64325,0.7582500000000001
SAMPLE_03713,0.77175,0.204,0.3145,0.23950000000000002,0.20525,0.4665,0.20625,0.16325
SAMPLE_03714,0.89,0.6715,0.339,0.65025,0.59325,0.889,0.89175,0.44425
SAMPLE_03715,0.8730000000000001,0.46775,0.26075,0.2145,0.7155,0.387,0.34400000000000003,0.37649999999999995
SAMPLE_03716,0.256,0.77775,0.82475,0.17700000000000002,0.40525,0.20850000000000002,0.58175,0.9452499999999999
SAMPLE_03717,0.8085,0.07450000000000001,0.023750000000000004,0.2775,0.08299999999999999,0.40825,0.15425,0.0465
SAMPLE_03718,0.767375,0.21599999999999997,0.313,0.364,0.20900000000000002,0.3655,0.547,0.2065
SAMPLE_03719,0.48,0.89025,0.8680000000000001,0.7225,0.6457499999999999,0.8659999999999999,0.719,0.5820000000000001
SAMPLE_03720,0.59125,0.63825,0.54625,0.23125,0.64675,0.5235,0.8422499999999999,0.501
SAMPLE_03721,0.15575,0.44725000000000004,0.319,1.0,0.16425,0.23425,0.21225000000000002,0.043000000000000003
SAMPLE_03722,1.0,0.8505,0.7075,0.7982500000000001,1.0,1.0,1.0,1.0
SAMPLE_03723,0.0625,0.51025,0.3955,1.0,0.24425,0.17675,0.10099999999999999,0.04000000000000001
SAMPLE_03724,0.35750000000000004,0.98175,0.9265000000000001,1.0,0.34375,0.36850000000000005,0.36025,0.8570000000000001
SAMPLE_03725,0.24000000000000002,0.46950000000000003,0.5569999999999999,0.2325,0.55425,0.604,0.494,0.8102499999999999
SAMPLE_03726,0.4705,0.7155,0.80075,0.60625,0.47775,0.7457499999999999,0.82425,0.79575
SAMPLE_03727,0.533,0.5242500000000001,0.5549999999999999,0.54,0.72,0.6054999999999999,0.481,0.35624999999999996
SAMPLE_03728,0.32525,0.3615,0.471,0.2895,0.6025,0.41700000000000004,0.39999999999999997,0.6455000000000001
SAMPLE_03729,0.3435,0.99025,0.95875,0.1555,0.91975,0.9667499999999999,0.94,0.8697499999999999
SAMPLE_03730,0.50975,0.9612499999999999,0.94525,0.656,0.877,0.5165,0.907,0.637
SAMPLE_03731,0.58,0.42724999999999996,0.54,0.486,0.42974999999999997,0.72475,0.5605,0.34025
SAMPLE_03732,0.52325,0.904,0.9044999999999999,1.0,0.1665,0.059250000000000004,0.65875,0.498
SAMPLE_03733,0.17200000000000001,0.82175,0.7344999999999999,1.0,0.45974999999999994,0.40850000000000003,0.18275000000000002,0.051750000000000004
SAMPLE_03734,0.671,0.60325,0.623,0.61075,0.7869999999999999,0.86025,0.9072500000000001,0.6972499999999999
SAMPLE_03735,0.523,0.7787499999999999,0.95925,0.30724999999999997,0.871,0.64,0.7225,0.66925
SAMPLE_03736,0.7807499999999999,0.64625,0.50175,0.5245,0.82775,0.83975,0.72875,0.8095000000000001
SAMPLE_03737,1.0,0.67275,0.524,0.7935,1.0,1.0,1.0,1.0
SAMPLE_03738,0.746,0.23825,0.23299999999999998,0.48775,0.053000000000000005,0.329,0.24150000000000002,0.076
SAMPLE_03739,0.851,0.33675,0.1605,0.5285,0.3065,0.80225,0.31575000000000003,0.3205
SAMPLE_03740,0.5137499999999999,0.0695,0.04000000000000001,0.5800000000000001,0.82275,0.52925,0.22475,0.4505
SAMPLE_03741,0.5640000000000001,0.262,0.19075,0.4015000000000001,0.1665,0.6,0.32325000000000004,0.133
SAMPLE_03742,0.64275,0.2705,0.15525000000000003,0.4065,0.28175,0.542,0.14475,0.14075
SAMPLE_03743,0.23775,0.8095,0.8140000000000001,0.06725,0.567,0.2095,0.7447499999999999,0.37024999999999997
SAMPLE_03744,0.151,0.916,0.9345000000000001,0.294,0.73375,0.38625,0.8140000000000001,0.66775
SAMPLE_03745,0.25125000000000003,0.56375,0.452,1.0,0.2135,0.07225000000000001,0.254,0.5715
SAMPLE_03746,0.88125,0.142,0.2555,0.48424999999999996,0.3165,0.6025,0.4325,0.246
SAMPLE_03747,0.55425,0.79125,0.73,0.65275,0.89375,0.79,0.86975,0.5727500000000001
SAMPLE_03748,0.18275,0.601,0.532,1.0,0.20650000000000002,0.22724999999999998,0.14125,0.152
SAMPLE_03749,0.58825,0.23500000000000001,0.499,0.25849999999999995,0.08600000000000001,0.46599999999999997,0.5589999999999999,0.191
SAMPLE_03750,0.19924999999999998,0.4515,0.47324999999999995,0.2885,0.6565,0.506,0.72675,0.7922499999999999
SAMPLE_03751,0.31999999999999995,0.8445,0.8047500000000001,1.0,0.043500000000000004,0.03025,0.21125,0.09700000000000002
SAMPLE_03752,0.07175000000000001,0.47250000000000003,0.38325,1.0,0.019,0.196,0.095,0.06175
SAMPLE_03753,0.138,0.298,0.27175000000000005,1.0,0.128,0.11099999999999999,0.22299999999999998,0.3885
SAMPLE_03754,0.030500000000000003,0.403,0.3065,1.0,0.42425,0.32025,0.06875,0.68375
SAMPLE_03755,0.5755,0.73025,0.8695,0.65325,0.69875,0.7917500000000001,0.8937499999999999,0.4665
SAMPLE_03756,0.2065,0.49575,0.22099999999999997,0.18875,0.50875,0.217,0.3225,0.85625
SAMPLE_03757,0.83575,0.46475,0.5710000000000001,0.4605,0.38675000000000004,0.54025,0.324,0.27775
SAMPLE_03758,0.50275,0.44775,0.41875,0.57875,0.74675,0.761,0.651,0.6922499999999999
SAMPLE_03759,0.8330000000000001,0.27875,0.29675,0.29975,0.9075000000000001,0.40525,0.3295,0.569
SAMPLE_03760,0.49575,0.87225,0.79525,0.5960000000000001,0.93725,0.5507500000000001,0.9055000000000001,0.75875
SAMPLE_03761,0.647375,0.3115,0.3205,0.523,0.4515,0.77125,0.3145,0.277
SAMPLE_03762,0.33175,0.56875,0.5630000000000001,1.0,0.64925,0.33749999999999997,0.2985,0.381
SAMPLE_03763,0.492,0.47075,0.49974999999999997,0.60375,0.3195,0.80025,0.606,0.27149999999999996
SAMPLE_03764,0.61525,0.29600000000000004,0.19074999999999998,0.6895,0.56675,0.7665,0.367,0.80275
SAMPLE_03765,0.6845,0.16775,0.19725,0.4325,0.343,0.69125,0.53725,0.34525
SAMPLE_03766,0.63975,0.33825,0.37825000000000003,0.386,0.8254999999999999,0.51675,0.51325,0.38525
SAMPLE_03767,0.82125,0.301,0.14500000000000002,0.46199999999999997,0.24925,0.44599999999999995,0.383,0.1805
SAMPLE_03768,0.07975,0.19075000000000003,0.11249999999999999,1.0,0.10975,0.27875,0.07575000000000001,0.73175
SAMPLE_03769,0.7995,0.088,0.093,0.51025,0.1085,0.61025,0.423,0.04925
SAMPLE_03770,0.058499999999999996,0.65725,0.5475,1.0,0.36950000000000005,0.343,0.11775000000000001,0.87875
SAMPLE_03771,0.638375,0.297,0.43400000000000005,0.3985,0.29825,0.54775,0.4435,0.29774999999999996
SAMPLE_03772,0.845,0.32775,0.21525,0.457,0.31275,0.69025,0.5395000000000001,0.33975
SAMPLE_03773,0.278,0.583,0.5875,0.21575,0.6325000000000001,0.32875,0.36925,0.89375
SAMPLE_03774,0.27725,0.96025,0.8999999999999999,0.408,0.7065,0.5309999999999999,0.823,0.85375
SAMPLE_03775,0.9027500000000002,0.5567500000000001,0.36124999999999996,0.56875,0.45025,0.8007500000000001,0.55025,0.486
SAMPLE_03776,0.6625,0.43875,0.384,0.472,0.37325,0.349,0.3155,0.087
SAMPLE_03777,0.3505,0.36224999999999996,0.33725,1.0,0.5325,0.22125,0.07500000000000001,0.39049999999999996
SAMPLE_03778,0.622,0.22425,0.125,0.49275,0.257,0.7435,0.27975,0.14175000000000001
SAMPLE_03779,0.74875,0.44325000000000003,0.43875000000000003,0.4585,0.31775,0.637,0.51025,0.1915
SAMPLE_03780,0.4235,0.387,0.4535,0.6675000000000001,0.55775,0.9167500000000001,0.83525,0.884
SAMPLE_03781,0.2895,0.8235,0.7505,1.0,0.04375,0.14024999999999999,0.43475,0.639
SAMPLE_03782,0.53025,0.6944999999999999,0.84525,0.20400000000000001,0.8655,0.492,0.37250000000000005,0.7679999999999999
SAMPLE_03783,0.6782499999999999,0.22075,0.369,0.26625,0.607,0.7107500000000001,0.5549999999999999,0.24924999999999997
SAMPLE_03784,0.75925,0.24499999999999997,0.41400000000000003,0.35475,0.472,0.7345,0.80125,0.41475
SAMPLE_03785,0.8455,0.8922500000000001,0.8425,0.3045,0.6875,0.47375,0.9400000000000001,0.62525
SAMPLE_03786,0.55225,0.7805,0.6415,0.1705,0.74825,0.199,0.6540000000000001,0.8570000000000001
SAMPLE_03787,0.5855,0.53875,0.7915000000000001,0.1355,0.9132500000000001,0.27525,0.71175,0.90225
SAMPLE_03788,0.898,0.18975000000000003,0.29350000000000004,0.1855,0.746,0.65425,0.4255,0.42474999999999996
SAMPLE_03789,0.30974999999999997,0.7767499999999999,0.7722500000000001,1.0,0.559,0.67375,0.71175,0.6347499999999999
SAMPLE_03790,0.082,0.579,0.58525,0.1535,0.5569999999999999,0.40449999999999997,0.383,0.96275
SAMPLE_03791,0.79075,0.16549999999999998,0.257,0.28475,0.060000000000000005,0.722,0.27549999999999997,0.01725
SAMPLE_03792,0.48675,0.33099999999999996,0.3205,0.6955,0.558,0.84825,0.26525,0.40125
SAMPLE_03793,0.25325,0.8825000000000001,0.7474999999999999,0.23625000000000002,0.443,0.39925,0.81925,0.8925
SAMPLE_03794,0.2605,0.93675,0.89575,1.0,0.09075,0.49525,0.8415,0.4415
SAMPLE_03795,0.533,0.9027499999999999,0.9027499999999999,0.777,0.7177499999999999,0.91875,0.8985,0.88225
SAMPLE_03796,0.7394999999999999,0.6599999999999999,0.8995,0.5845,0.9622499999999999,0.929,0.96125,0.67575
SAMPLE_03797,0.12725,0.4365,0.5705,0.5149999999999999,0.3985,0.21675,0.1925,0.6985
SAMPLE_03798,0.56875,0.47625,0.4275,0.5095000000000001,0.5569999999999999,0.58475,0.47775,0.1865
SAMPLE_03799,0.593,0.030500000000000003,0.024999999999999998,0.49375,0.66475,0.57275,0.1475,0.4395
SAMPLE_03800,0.1225,0.7167500000000001,0.8355,0.41500000000000004,0.6697500000000001,0.47200000000000003,0.25575,0.4135
SAMPLE_03801,0.10600000000000001,0.583,0.38749999999999996,1.0,0.174,0.15275,0.041,0.0885
SAMPLE_03802,0.17175,0.9492499999999999,0.93525,1.0,0.1255,0.19725,0.32325000000000004,0.2855
SAMPLE_03803,0.55925,0.6955,0.8215,0.28974999999999995,0.76,0.9362499999999999,0.84,0.498
SAMPLE_03804,0.28800000000000003,0.2455,0.31975,0.275,0.51375,0.608,0.1815,0.91175
SAMPLE_03805,0.27625,0.78,0.7582500000000001,0.15275,0.48475,0.394,0.7785,0.35375
SAMPLE_03806,0.57025,0.8225,0.8155,0.407,0.80225,0.27225,0.7144999999999999,0.8542499999999998
SAMPLE_03807,0.8592500000000001,0.27275,0.3175,0.256,0.221,0.629,0.33975,0.18425000000000002
SAMPLE_03808,0.54775,0.84675,0.773,0.1085,0.8295,0.3895,0.8975,0.61325
SAMPLE_03809,0.502,0.46900000000000003,0.50175,0.23975,0.66825,0.43125,0.29075,0.9542499999999999
SAMPLE_03810,0.5885,0.1545,0.17825,0.2455,0.46725,0.3665,0.35775,0.18974999999999997
SAMPLE_03811,0.18825,0.5289999999999999,0.47250000000000003,1.0,0.3115,0.13525,0.16375,0.33299999999999996
SAMPLE_03812,0.46975,0.42425,0.5035,0.67925,0.45975,0.8634999999999999,0.57175,0.841
SAMPLE_03813,0.08425,0.6219999999999999,0.56025,1.0,0.02975,0.112,0.30725,0.18850000000000003
SAMPLE_03814,0.68475,0.28,0.222,0.5755,0.5342500000000001,0.48850000000000005,0.56,0.37775000000000003
SAMPLE_03815,0.06775,0.37725,0.54725,1.0,0.09425,0.08625,0.09975,0.05299999999999999
SAMPLE_03816,0.65625,0.7965,0.791,0.5835,0.779,0.79925,0.76875,0.7205
SAMPLE_03817,0.9007499999999999,0.9255,0.93025,0.5835,0.862,0.9415,0.8907499999999999,0.5634999999999999
SAMPLE_03818,0.6719999999999999,0.2945,0.18675000000000003,0.5765,0.35975,0.47150000000000003,0.7250000000000001,0.40249999999999997
SAMPLE_03819,0.5407500000000001,0.614,0.64025,0.624,0.66375,0.72675,0.7417499999999999,0.58975
SAMPLE_03820,0.6437499999999999,0.38,0.38025,0.69475,0.6735,0.762,0.46124999999999994,0.43225
SAMPLE_03821,0.138,0.70375,0.53325,1.0,0.32750000000000007,0.29525,0.28775,0.15475
SAMPLE_03822,0.7324999999999999,0.09375,0.1245,0.1535,0.36250000000000004,0.34025,0.24325000000000002,0.16475
SAMPLE_03823,0.9098750000000001,0.1645,0.19724999999999998,0.41125,0.87825,0.47425,0.1125,0.36975
SAMPLE_03824,0.7242500000000001,0.88175,0.8752500000000001,0.6575,0.9132499999999999,0.95175,0.9184999999999999,0.514
SAMPLE_03825,0.825,0.2515,0.14550000000000002,0.348,0.0985,0.48974999999999996,0.2825,0.05325
SAMPLE_03826,0.11875,0.38225000000000003,0.28775,0.48375,0.31174999999999997,0.601,0.6975,0.86425
SAMPLE_03827,0.242,0.36550000000000005,0.4145,0.19475,0.6615,0.41925,0.42425,0.6275
SAMPLE_03828,0.745,0.6664999999999999,0.5975,0.347,0.45499999999999996,0.7177500000000001,0.7955,0.37325
SAMPLE_03829,0.9085000000000001,0.63825,0.59325,0.44375000000000003,0.385,0.63225,0.41924999999999996,0.23325
SAMPLE_03830,0.3595,0.42,0.31,0.07050000000000001,0.701,0.1385,0.74825,0.4865
SAMPLE_03831,0.8983749999999999,0.30425,0.39725,0.44875000000000004,0.127,0.77925,0.367,0.13375
SAMPLE_03832,0.57525,0.054,0.054,0.52525,0.20175,0.46849999999999997,0.18325,0.13675
SAMPLE_03833,0.0345,0.631,0.48550000000000004,1.0,0.025750000000000002,0.17099999999999999,0.030250000000000003,0.54275
SAMPLE_03834,0.591,0.47000000000000003,0.4615,0.47350000000000003,0.6265,0.8787499999999999,0.56475,0.437
SAMPLE_03835,0.17275000000000001,0.1855,0.104,1.0,0.20675000000000002,0.20975000000000002,0.10550000000000001,0.7305000000000001
SAMPLE_03836,0.32999999999999996,0.5405,0.55975,0.0475,0.5547500000000001,0.14925,0.46125,0.93925
SAMPLE_03837,0.839,0.19275,0.15725,0.40825,0.11499999999999999,0.53125,0.24975000000000003,0.1555
SAMPLE_03838,0.79725,0.40425,0.3365,0.483,0.77175,0.66875,0.35450000000000004,0.75975
SAMPLE_03839,0.48950000000000005,0.929,0.8945000000000001,0.31500000000000006,0.83525,0.56175,0.901,0.76525
SAMPLE_03840,0.15075000000000002,0.80575,0.71875,1.0,0.149,0.17575000000000002,0.1915,0.051750000000000004
SAMPLE_03841,0.79525,0.48950000000000005,0.5435,0.37025,0.538,0.71225,0.6765,0.39749999999999996
SAMPLE_03842,0.0325,0.40925,0.28250000000000003,1.0,0.014,0.1375,0.033,0.00475
SAMPLE_03843,0.5335000000000001,0.792,0.7680000000000001,0.2535,0.83175,0.41175,0.78625,0.799
SAMPLE_03844,0.64275,0.17825000000000002,0.20925,0.4445,0.5465,0.412,0.33425,0.48575
SAMPLE_03845,0.272,0.77275,0.908,0.21525,0.8047500000000001,0.31199999999999994,0.5735000000000001,0.93625
SAMPLE_03846,0.863375,0.34325,0.38775000000000004,0.41,0.43724999999999997,0.47424999999999995,0.5535,0.3165
SAMPLE_03847,0.29075000000000006,0.93375,0.9205,1.0,0.8227499999999999,0.2225,0.5515,0.82
SAMPLE_03848,0.712,0.17225000000000001,0.34875000000000006,0.23424999999999999,0.23875000000000002,0.37725000000000003,0.4025,0.38275000000000003
SAMPLE_03849,0.07875,0.8835000000000001,0.8570000000000001,0.12825,0.35475,0.11875000000000001,0.41375000000000006,0.43875000000000003
SAMPLE_03850,0.38675000000000004,0.9199999999999999,0.8365,1.0,0.04825,0.25275,0.6115,0.381
SAMPLE_03851,0.6627500000000001,0.2855,0.3705,0.45825,0.44625,0.6747500000000001,0.45525,0.33875
SAMPLE_03852,0.84125,0.46425000000000005,0.5339999999999999,0.558,0.37925000000000003,0.6084999999999999,0.34625,0.20825
SAMPLE_03853,0.53925,0.8907499999999999,0.9332499999999999,0.31875,0.81775,0.6527499999999999,0.90525,0.28975
SAMPLE_03854,0.527,0.582,0.7627499999999999,0.28300000000000003,0.67975,0.63175,0.55325,0.86775
SAMPLE_03855,0.066,0.29325,0.23025,1.0,0.10875000000000001,0.1215,0.4487499999999999,0.13
SAMPLE_03856,0.77125,0.437,0.38025,0.478,0.26625,0.8017500000000001,0.30225,0.22124999999999997
SAMPLE_03857,0.6955,0.48275,0.43124999999999997,0.27975,0.40349999999999997,0.55525,0.794,0.37274999999999997
SAMPLE_03858,0.43750000000000006,0.46900000000000003,0.45925000000000005,0.207,0.68025,0.6185,0.48624999999999996,0.6587500000000001
SAMPLE_03859,0.035,0.34125,0.395,1.0,0.099,0.16625,0.12200000000000001,0.31675
SAMPLE_03860,0.058249999999999996,0.49875,0.42425,1.0,0.354,0.12225,0.042249999999999996,0.15425
SAMPLE_03861,0.82125,0.257,0.48300000000000004,0.35924999999999996,0.1795,0.46975,0.72925,0.31325
SAMPLE_03862,0.7675,0.965,0.965,0.286,0.5974999999999999,0.48575,0.9157500000000001,0.452
SAMPLE_03863,0.6485,0.5545,0.5747499999999999,0.41750000000000004,0.34375,0.6110000000000001,0.5469999999999999,0.368
SAMPLE_03864,0.317,0.9137500000000001,0.9185,1.0,0.010750000000000001,0.072,0.2465,0.4265
SAMPLE_03865,0.46824999999999994,0.2595,0.23525000000000001,0.27199999999999996,0.2615,0.4225,0.41100000000000003,0.25875000000000004
SAMPLE_03866,0.11725,0.80525,0.7045,1.0,0.326,0.34950000000000003,0.20199999999999999,0.6805
SAMPLE_03867,0.5427500000000001,0.7697499999999999,0.6267499999999999,0.17475000000000002,0.78575,0.43549999999999994,0.81875,0.9549999999999998
SAMPLE_03868,0.04475,0.7717499999999999,0.66775,1.0,0.035750000000000004,0.13575,0.4650000000000001,0.23325
SAMPLE_03869,0.6111249999999999,0.594,0.7015,0.36875,0.34275,0.74675,0.621,0.274
SAMPLE_03870,0.25849999999999995,0.9385000000000001,0.861,1.0,0.28875,0.309,0.6785,0.5465
SAMPLE_03871,0.6804999999999999,0.06925,0.046,0.27849999999999997,0.23375,0.4335,0.12225,0.11424999999999999
SAMPLE_03872,0.77925,0.855,0.77925,0.72825,0.8882500000000001,0.9400000000000001,0.8527499999999999,0.694
SAMPLE_03873,0.111,0.71975,0.60925,0.32,0.42175000000000007,0.47525000000000006,0.54025,0.5145
SAMPLE_03874,0.8629999999999999,0.482,0.5335,0.20074999999999998,0.3475,0.36474999999999996,0.67075,0.39175000000000004
SAMPLE_03875,0.67025,0.8534999999999999,0.84575,0.6365000000000001,0.88125,0.882,0.96575,0.8735
SAMPLE_03876,0.67825,0.07600000000000001,0.18250000000000002,0.33325,0.41000000000000003,0.60425,0.28175000000000006,0.44625
SAMPLE_03877,0.7015,0.07725,0.1305,0.41925,0.081,0.47924999999999995,0.08449999999999999,0.08575
SAMPLE_03878,0.23675,0.46025000000000005,0.7555000000000001,0.3335,0.7605,0.56825,0.269,0.93075
SAMPLE_03879,0.14275,0.32,0.1545,1.0,0.22724999999999998,0.17475000000000002,0.20374999999999996,0.748
SAMPLE_03880,0.31124999999999997,0.92475,0.9029999999999999,0.279,0.8320000000000001,0.59575,0.7699999999999999,0.61
SAMPLE_03881,0.29725,0.6579999999999999,0.6984999999999999,0.32925,0.6815,0.45925,0.7394999999999999,0.645
SAMPLE_03882,0.56075,0.925,0.8512500000000001,0.072,0.56125,0.2785,0.92825,0.7175
SAMPLE_03883,0.8768750000000001,0.10725,0.14849999999999997,0.26375,0.64425,0.44975,0.2845,0.51725
SAMPLE_03884,1.0,0.744,0.6765,0.80325,1.0,1.0,1.0,1.0
SAMPLE_03885,0.10250000000000001,0.38,0.23399999999999999,0.33675,0.25525,0.45475,0.22724999999999998,0.8007500000000001
SAMPLE_03886,0.50525,0.44825000000000004,0.42925,0.6240000000000001,0.33075,0.655,0.557,0.42375
SAMPLE_03887,0.10925,0.138,0.02225,0.1975,0.5972500000000001,0.307,0.466,0.75025
SAMPLE_03888,0.62775,0.21300000000000002,0.1285,0.49675,0.3815,0.59175,0.1815,0.42475
SAMPLE_03889,1.0,0.85125,0.85225,0.8015000000000001,1.0,1.0,1.0,1.0
SAMPLE_03890,0.773625,0.7885,0.8562500000000001,0.48075,0.518,0.769,0.7682499999999999,0.36800000000000005
SAMPLE_03891,0.28625,0.492,0.34425000000000006,0.12575,0.6925000000000001,0.245,0.8785000000000001,0.806
SAMPLE_03892,0.571,0.29775,0.30924999999999997,0.4615,0.28175,0.73675,0.27725,0.2445
SAMPLE_03893,0.09100000000000001,0.6779999999999999,0.64325,1.0,0.34450000000000003,0.24349999999999997,0.33099999999999996,0.6475
SAMPLE_03894,0.006999999999999999,0.348,0.21475,1.0,0.02125,0.29100000000000004,0.237,0.0625
SAMPLE_03895,0.15325,0.54525,0.62575,0.21375,0.384,0.25825,0.5117499999999999,0.8514999999999999
SAMPLE_03896,0.32199999999999995,0.501,0.36175,0.35575,0.38150000000000006,0.59475,0.39325,0.6292500000000001
SAMPLE_03897,0.495,0.55825,0.61175,0.6975,0.75125,0.87775,0.6719999999999999,0.6645
SAMPLE_03898,0.508,0.8452500000000001,0.97025,0.5147499999999999,0.94325,0.87175,0.856,0.8047500000000001
SAMPLE_03899,0.7115,0.12875,0.08925000000000001,0.44199999999999995,0.171,0.61925,0.33025,0.08825
SAMPLE_03900,0.1815,0.98025,0.97,1.0,0.508,0.042,0.58375,0.9095000000000001
SAMPLE_03901,0.7945,0.13,0.06625,0.39675,0.41175000000000006,0.4345,0.2365,0.0905
SAMPLE_03902,0.32875,0.97575,0.9697499999999999,0.22649999999999998,0.905,0.8712500000000001,0.86525,0.91025
SAMPLE_03903,0.09300000000000001,0.8900000000000001,0.9105,1.0,0.10925000000000001,0.2035,0.764,0.49375
SAMPLE_03904,0.25475,0.268,0.32075,0.10625,0.85075,0.17149999999999999,0.48225,0.64
SAMPLE_03905,0.7897500000000001,0.659,0.58925,0.6957500000000001,0.4585,0.88975,0.41225,0.4685
SAMPLE_03906,0.52025,0.3075,0.41225,1.0,0.48275,0.73625,0.55625,0.5605
SAMPLE_03907,0.7821250000000001,0.372,0.5820000000000001,0.37125,0.16675,0.46224999999999994,0.44775000000000004,0.11449999999999999
SAMPLE_03908,0.17925000000000002,0.5085000000000001,0.4135,1.0,0.264,0.23324999999999999,0.31224999999999997,0.26375
SAMPLE_03909,0.29474999999999996,0.1845,0.076,0.20625,0.656,0.261,0.3515,0.88175
SAMPLE_03910,0.51775,0.14049999999999999,0.66425,0.37450000000000006,0.199,0.45675,0.3405,0.17525000000000002
SAMPLE_03911,0.61275,0.6935,0.57775,0.75175,0.9275,0.9669999999999999,0.8412499999999999,0.7897500000000001
SAMPLE_03912,0.50625,0.8632500000000001,0.8320000000000001,0.6835,0.47350000000000003,0.7682499999999999,0.901,0.58075
SAMPLE_03913,0.74575,0.08449999999999999,0.183,0.214,0.47175,0.28700000000000003,0.22450000000000003,0.46950000000000003
SAMPLE_03914,0.222,0.7272500000000001,0.5992500000000001,1.0,0.1665,0.523,0.6060000000000001,0.559
SAMPLE_03915,1.0,0.9092499999999999,0.9225,0.78125,1.0,1.0,1.0,1.0
SAMPLE_03916,1.0,0.782,0.74425,0.78025,1.0,1.0,1.0,1.0
SAMPLE_03917,0.5980000000000001,0.5745,0.53775,0.741,0.59725,0.9245000000000001,0.77675,0.664
SAMPLE_03918,0.29475,0.2385,0.201,0.1875,0.45925,0.31525000000000003,0.7062499999999999,0.82375
SAMPLE_03919,0.49475,0.61725,0.54125,0.646,0.738,0.8365,0.7850000000000001,0.59275
SAMPLE_03920,0.22899999999999998,0.7065,0.5765,0.67625,0.77125,0.46725000000000005,0.6054999999999999,0.7177500000000001
SAMPLE_03921,0.16899999999999998,0.46275000000000005,0.5307499999999999,1.0,0.858,0.1925,0.14575000000000002,0.78825
SAMPLE_03922,0.719375,0.37925,0.5865,0.13674999999999998,0.27325,0.24525000000000002,0.3665,0.2925
SAMPLE_03923,0.75675,0.9235,0.914,0.7170000000000001,0.817,0.942,0.92975,0.5854999999999999
SAMPLE_03924,0.17049999999999998,0.8387500000000001,0.744,1.0,0.5297499999999999,0.25575,0.29700000000000004,0.35050000000000003
SAMPLE_03925,0.48575,0.45875,0.4225,0.7114999999999999,0.35950000000000004,0.82125,0.7485,0.8725
SAMPLE_03926,0.492,0.7104999999999999,0.73975,1.0,0.45875,0.13825,0.67225,0.53
SAMPLE_03927,0.81625,0.5745,0.61025,0.264,0.09999999999999999,0.5855,0.63575,0.13825
SAMPLE_03928,0.813125,0.06175,0.0415,0.3205,0.6475000000000001,0.43525,0.12874999999999998,0.35875
SAMPLE_03929,0.652,0.1585,0.253,0.31775,0.41550000000000004,0.5277499999999999,0.38125,0.40099999999999997
SAMPLE_03930,0.749,0.03925,0.0435,0.33275,0.266,0.302,0.11074999999999999,0.050249999999999996
SAMPLE_03931,0.27025,0.21275,0.26725,0.28075,0.4685,0.403,0.21025,0.9575
SAMPLE_03932,0.033,0.2685,0.28225,1.0,0.13375,0.10049999999999999,0.07075,0.03625
SAMPLE_03933,0.3835,0.90625,0.94925,0.13,0.6072499999999998,0.319,0.61075,0.91775
SAMPLE_03934,0.24775,0.7190000000000001,0.7082499999999999,0.07300000000000001,0.5635,0.10675,0.561,0.733
SAMPLE_03935,0.55625,0.7000000000000001,0.5985,0.74625,0.8160000000000001,0.9185,0.72475,0.86425
SAMPLE_03936,0.35175,0.589,0.5609999999999999,0.2385,0.7090000000000001,0.37,0.75475,0.8237500000000001
SAMPLE_03937,0.7745,0.19425,0.2365,0.48675,0.67375,0.74425,0.6809999999999999,0.48449999999999993
SAMPLE_03938,0.67875,0.6465000000000001,0.80825,0.60975,0.9102499999999999,0.926,0.91925,0.769
SAMPLE_03939,0.52775,0.97125,0.94725,0.18674999999999997,0.8195,0.29724999999999996,0.93825,0.86925
SAMPLE_03940,0.34725,0.81925,0.8019999999999999,0.202,0.3845,0.30725,0.47125,0.85225
SAMPLE_03941,0.62075,0.33599999999999997,0.31825,0.11750000000000001,0.7985,0.60475,0.255,0.38575
SAMPLE_03942,0.81625,0.21525,0.25625,0.3205,0.347,0.51,0.4425,0.15225
SAMPLE_03943,0.7575,0.08775000000000001,0.04650000000000001,0.37725,0.21525,0.527,0.20849999999999996,0.10725000000000001
SAMPLE_03944,0.5865,0.0675,0.05825,0.36150000000000004,0.50725,0.30224999999999996,0.13925,0.10149999999999999
SAMPLE_03945,0.7785,0.6162500000000001,0.2625,0.67625,0.5385000000000001,0.90725,0.48275,0.73125
SAMPLE_03946,0.291,0.768,0.81425,0.14300000000000002,0.7847500000000001,0.36475,0.42100000000000004,0.82875
SAMPLE_03947,0.5385,0.15375,0.32175,0.56425,0.6287499999999999,0.9195,0.4749999999999999,0.39275
SAMPLE_03948,0.10999999999999999,0.38499999999999995,0.22924999999999998,1.0,0.04725,0.11850000000000001,0.2755,0.40925
SAMPLE_03949,0.5267499999999999,0.7797499999999999,0.8732500000000001,0.22,0.8645,0.39675000000000005,0.67725,0.8765000000000001
SAMPLE_03950,0.6910000000000001,0.4295,0.65525,0.39050000000000007,0.53925,0.7155,0.5327500000000001,0.9187500000000001
SAMPLE_03951,0.13475,0.478,0.35650000000000004,0.12225,0.12449999999999999,0.27725,0.27849999999999997,0.24325000000000002
SAMPLE_03952,1.0,0.6795,0.6875,0.78625,1.0,1.0,1.0,1.0
SAMPLE_03953,0.50725,0.33975,0.47225,0.35375,0.90575,0.6895,0.443,0.93075
SAMPLE_03954,0.79325,0.8665,0.8345,0.6965,0.598,0.7362500000000001,0.81175,0.81925
SAMPLE_03955,0.344,0.884,0.76825,0.237,0.44375,0.32575,0.44925000000000004,0.461
SAMPLE_03956,0.18875,0.9177500000000001,0.8875000000000001,1.0,0.11975,0.1325,0.267,0.17975
SAMPLE_03957,0.6567500000000001,0.07275000000000001,0.07250000000000001,0.46399999999999997,0.22125,0.5895,0.143,0.08850000000000001
SAMPLE_03958,0.075,0.9227500000000001,0.89075,1.0,0.12424999999999999,0.28700000000000003,0.28950000000000004,0.093
SAMPLE_03959,0.1785,0.31900000000000006,0.4005,0.538,0.24924999999999997,0.824,0.488,0.7695000000000001
SAMPLE_03960,0.7446250000000001,0.012000000000000002,0.01575,0.34375,0.59575,0.43775000000000003,0.04725,0.0585
SAMPLE_03961,0.587,0.46975,0.50325,0.347,0.40074999999999994,0.6505000000000001,0.39325,0.157
SAMPLE_03962,0.07975,0.73225,0.6637500000000001,0.15725,0.72275,0.10825,0.68825,0.9674999999999999
SAMPLE_03963,0.301,0.92125,0.855,0.71375,0.61075,0.5349999999999999,0.56125,0.60825
SAMPLE_03964,0.06775,0.76175,0.658,1.0,0.08875000000000001,0.19274999999999998,0.36475,0.202
SAMPLE_03965,0.651,0.03275,0.02275,0.46799999999999997,0.081,0.6095,0.16575,0.024749999999999998
SAMPLE_03966,0.010249999999999999,0.40075000000000005,0.471,1.0,0.22475,0.51675,0.19325,0.36325
SAMPLE_03967,0.371,0.7325000000000002,0.718,0.27849999999999997,0.9279999999999999,0.28500000000000003,0.7415,0.8187500000000001
SAMPLE_03968,0.54225,0.907,0.87225,0.23525,0.9135,0.7685,0.68825,0.75675
SAMPLE_03969,0.09225,0.2875,0.16475,1.0,0.2555,0.1935,0.03225,0.15100000000000002
SAMPLE_03970,0.1625,0.87675,0.8807499999999999,0.24775,0.76725,0.751,0.6847500000000001,0.85225
SAMPLE_03971,0.70175,0.027,0.028000000000000004,0.19699999999999998,0.19949999999999998,0.482,0.153,0.123
SAMPLE_03972,0.8263750000000001,0.216,0.214,0.5577500000000001,0.38975,0.6415,0.48475,0.28675
SAMPLE_03973,0.04075,0.7395,0.6785,1.0,0.1335,0.1945,0.10425000000000001,0.191
SAMPLE_03974,0.60775,0.29375,0.23575,0.493,0.4535,0.7659999999999999,0.17475,0.256
SAMPLE_03975,0.1925,0.60075,0.5645,1.0,0.0795,0.1675,0.8165,0.64425
SAMPLE_03976,0.09849999999999999,0.498,0.42875,1.0,0.28974999999999995,0.33275,0.08600000000000001,0.7302500000000001
SAMPLE_03977,0.51275,0.345,0.21500000000000002,0.44325000000000003,0.77875,0.7949999999999999,0.7735,0.8777499999999999
SAMPLE_03978,0.75475,0.5387500000000001,0.62475,0.46875,0.64125,0.589,0.69225,0.61975
SAMPLE_03979,0.5075,0.4635,0.416,0.126,0.81725,0.47675,0.64825,0.62325
SAMPLE_03980,0.77775,0.0115,0.11925,0.43850000000000006,0.6232500000000001,0.39574999999999994,0.0895,0.316
SAMPLE_03981,1.0,0.524,0.2145,0.79525,1.0,1.0,1.0,1.0
SAMPLE_03982,0.17850000000000002,0.82025,0.8125,0.08900000000000001,0.4655,0.26575,0.40650000000000003,0.556
SAMPLE_03983,0.806,0.658,0.523,0.61225,0.62025,0.9155,0.7225,0.36625
SAMPLE_03984,0.6022500000000001,0.27525,0.5367500000000001,0.3005,0.16225,0.46725000000000005,0.72975,0.466
SAMPLE_03985,0.891125,0.06025,0.16725,0.16849999999999998,0.4882500000000001,0.334,0.24675000000000002,0.4495
SAMPLE_03986,0.59925,0.046,0.28225,0.4005000000000001,0.13775,0.48975,0.47924999999999995,0.22825
SAMPLE_03987,0.11524999999999999,0.8470000000000001,0.7395,1.0,0.28225,0.27249999999999996,0.6910000000000001,0.62775
SAMPLE_03988,0.84825,0.21925,0.22899999999999998,0.38425,0.49150000000000005,0.5247499999999999,0.39275,0.35400000000000004
SAMPLE_03989,0.396,0.947,0.89575,1.0,0.39050000000000007,0.33699999999999997,0.5235,0.33725
SAMPLE_03990,0.747,0.3615,0.43574999999999997,0.5925,0.4255,0.557,0.49974999999999997,0.147
SAMPLE_03991,0.5335,0.85325,0.87575,0.72475,0.7697499999999999,0.7725,0.8362499999999999,0.7377500000000001
SAMPLE_03992,0.08475,0.2895,0.192,1.0,0.4225,0.14025,0.051500000000000004,0.7305
SAMPLE_03993,0.26575,0.3395,0.2945,0.46199999999999997,0.47325,0.5055,0.37,0.82675
SAMPLE_03994,0.82975,0.51525,0.4965,0.5405,0.35050000000000003,0.7274999999999999,0.7302500000000001,0.39825
SAMPLE_03995,0.08049999999999999,0.49824999999999997,0.53,1.0,0.07250000000000001,0.13625,0.20425,0.31975
SAMPLE_03996,0.04875,0.7905,0.732,1.0,0.29974999999999996,0.14575000000000002,0.06175,0.037500000000000006
SAMPLE_03997,0.11499999999999999,0.5505,0.54625,1.0,0.05450000000000001,0.09,0.55575,0.435
SAMPLE_03998,0.11074999999999999,0.21325000000000002,0.1145,1.0,0.80175,0.241,0.06825,0.833
SAMPLE_03999,0.192,0.709,0.727,1.0,0.10950000000000001,0.44475000000000003,0.46575,0.174
SAMPLE_04000,0.552,0.843,0.89525,0.244,0.8454999999999999,0.24825,0.3035,0.70575
SAMPLE_04001,0.5609999999999999,0.38250000000000006,0.8825000000000001,0.19349999999999998,0.9265,0.20525,0.4475,0.7905000000000001
SAMPLE_04002,0.6365000000000001,0.243,0.23575000000000002,0.3125,0.13075,0.62925,0.3315,0.13925
SAMPLE_04003,0.6977500000000001,0.06525,0.118,0.43399999999999994,0.34099999999999997,0.30225,0.12225,0.1495
SAMPLE_04004,0.1525,0.89375,0.8025,1.0,0.265,0.1815,0.1175,0.16575
SAMPLE_04005,0.3205,0.5890000000000001,0.6387499999999999,0.05449999999999999,0.31375000000000003,0.13924999999999998,0.294,0.43500000000000005
SAMPLE_04006,0.82375,0.71875,0.6955,0.55075,0.81175,0.7302500000000001,0.78225,0.8182499999999999
SAMPLE_04007,0.818125,0.11074999999999999,0.16075,0.16999999999999998,0.0615,0.56825,0.33025,0.127
SAMPLE_04008,0.25125,0.968,0.9782500000000001,1.0,0.484,0.09875,0.62075,0.593
SAMPLE_04009,0.8155,0.89,0.81475,0.42674999999999996,0.5765,0.7635000000000001,0.8085,0.47450000000000003
SAMPLE_04010,0.8415000000000001,0.47250000000000003,0.296,0.2195,0.45499999999999996,0.3135,0.36175,0.266
SAMPLE_04011,0.33125,0.70075,0.47025,0.17525,0.77925,0.2475,0.608,0.60775
SAMPLE_04012,0.7685,0.131,0.1575,0.49474999999999997,0.7615000000000001,0.43475,0.30425,0.57825
SAMPLE_04013,0.43800000000000006,0.15475,0.333,0.579,0.62,0.728,0.8322499999999999,0.833
SAMPLE_04014,0.506,0.6900000000000001,0.6739999999999999,0.23324999999999999,0.6165,0.68125,0.50175,0.70725
SAMPLE_04015,0.8908750000000001,0.5855,0.5355000000000001,0.5625,0.429,0.55725,0.56175,0.41100000000000003
SAMPLE_04016,0.34625,0.4385,0.37475,0.14175,0.79125,0.3255,0.737,0.901
SAMPLE_04017,0.59125,0.393,0.6759999999999999,0.44775000000000004,0.7857500000000001,0.8787499999999999,0.80825,0.731
SAMPLE_04018,0.7577499999999999,0.12025,0.08850000000000001,0.7070000000000001,0.9555,0.8545,0.45799999999999996,0.77775
SAMPLE_04019,1.0,0.8965,0.81325,0.782,1.0,1.0,1.0,1.0
SAMPLE_04020,0.46549999999999997,0.66725,0.68775,0.41850000000000004,0.59825,0.601,0.7677499999999999,0.67475
SAMPLE_04021,0.16899999999999998,0.8550000000000001,0.8795000000000001,1.0,0.28150000000000003,0.06924999999999999,0.25849999999999995,0.58875
SAMPLE_04022,0.02325,0.66675,0.58825,1.0,0.14150000000000001,0.37324999999999997,0.25625,0.16575
SAMPLE_04023,0.636,0.23049999999999998,0.23650000000000002,0.4665,0.563,0.5605,0.27475000000000005,0.86175
SAMPLE_04024,0.6105,0.30175,0.268,0.6877500000000001,0.52075,0.77575,0.47250000000000003,0.6175
SAMPLE_04025,0.20600000000000002,0.76675,0.64825,0.19824999999999998,0.155,0.346,0.241,0.17900000000000002
SAMPLE_04026,0.576875,0.67275,0.773,0.42074999999999996,0.91125,0.7320000000000001,0.8644999999999999,0.5930000000000001
SAMPLE_04027,0.61375,0.25675000000000003,0.26325,0.54925,0.20725,0.5960000000000001,0.47175,0.21425
SAMPLE_04028,0.863,0.39425,0.42975,0.277,0.57675,0.37424999999999997,0.31625000000000003,0.34525
SAMPLE_04029,0.6855,0.0345,0.015500000000000002,0.32175,0.20450000000000002,0.34475,0.10625000000000001,0.04475
SAMPLE_04030,0.7674999999999998,0.81125,0.85175,0.74575,0.7917500000000001,0.961,0.93075,0.5559999999999999
SAMPLE_04031,0.53525,0.986,0.9755,0.34249999999999997,0.80725,0.5025,0.8392499999999999,0.7645
SAMPLE_04032,0.74875,0.15275,0.1725,0.34450000000000003,0.8452500000000001,0.67225,0.15275000000000002,0.38475
SAMPLE_04033,0.5237499999999999,0.9814999999999999,0.9815,0.27699999999999997,0.8865,0.82775,0.9445,0.7755000000000001
SAMPLE_04034,0.146,0.627,0.66625,0.40174999999999994,0.5487500000000001,0.45799999999999996,0.77825,0.7505
SAMPLE_04035,0.7212500000000001,0.19025000000000003,0.0885,0.58425,0.245,0.76725,0.1535,0.11225
SAMPLE_04036,0.9261249999999999,0.19125,0.144,0.325,0.22025,0.5630000000000001,0.22225,0.22425
SAMPLE_04037,0.5565,0.8937499999999999,0.8097500000000001,0.212,0.87525,0.5485,0.7729999999999999,0.78775
SAMPLE_04038,1.0,0.97725,0.9465,0.802,1.0,1.0,1.0,1.0
SAMPLE_04039,0.26075,0.8694999999999999,0.7775,1.0,0.253,0.17925000000000002,0.36725,0.6154999999999999
SAMPLE_04040,1.0,0.87025,0.7917500000000001,0.79175,1.0,1.0,1.0,1.0
SAMPLE_04041,0.5559999999999999,0.7715,0.7577499999999999,0.20475,0.7357499999999999,0.1825,0.4815,0.93225
SAMPLE_04042,0.5547500000000001,0.17075,0.28775,0.50275,0.30475,0.6152500000000001,0.24325000000000002,0.1495
SAMPLE_04043,0.4855,0.76075,0.756,0.07975,0.7645,0.2095,0.4575,0.6527499999999999
SAMPLE_04044,0.82,0.56,0.627,0.392,0.42725,0.424,0.476,0.36
SAMPLE_04045,0.46624999999999994,0.47375,0.56175,0.6447499999999999,0.86625,0.817,0.8005,0.8195
SAMPLE_04046,0.775875,0.02975,0.03625,0.40925,0.21525,0.5915,0.15975,0.09
SAMPLE_04047,0.59175,0.06225,0.04875,0.42300000000000004,0.30874999999999997,0.358,0.12525000000000003,0.15175
SAMPLE_04048,0.8755,0.17775,0.2675,0.41225,0.39525,0.46950000000000003,0.28325,0.11025
SAMPLE_04049,0.68175,0.30100000000000005,0.24875,0.73975,0.57975,0.839,0.7134999999999999,0.5529999999999999
SAMPLE_04050,0.8802500000000001,0.2815,0.2965,0.33025,0.1295,0.3695,0.44475,0.17775
SAMPLE_04051,0.57675,0.7222500000000001,0.853,0.28675,0.6935,0.6425,0.8662500000000001,0.768
SAMPLE_04052,0.22974999999999998,0.57475,0.44425,1.0,0.46599999999999997,0.3265,0.23399999999999996,0.707
SAMPLE_04053,0.56675,0.6865,0.9337500000000001,0.10025,0.8572500000000001,0.14750000000000002,0.5565,0.8447499999999999
SAMPLE_04054,0.35875,0.19650000000000004,0.1475,0.14525,0.55925,0.2625,0.36424999999999996,0.937
SAMPLE_04055,0.21075,0.45625,0.30475,1.0,0.5075,0.30974999999999997,0.1865,0.164
SAMPLE_04056,0.48824999999999996,0.30425,0.21799999999999997,0.6062500000000001,0.848,0.6819999999999999,0.28325,0.62825
SAMPLE_04057,0.51725,0.8560000000000001,0.899,0.151,0.7490000000000001,0.42625,0.6985,0.911
SAMPLE_04058,0.894375,0.11325,0.19825,0.271,0.42175,0.3965,0.29225,0.32425000000000004
SAMPLE_04059,0.07700000000000001,0.8985000000000001,0.87775,1.0,0.16825,0.05625,0.42924999999999996,0.525
SAMPLE_04060,0.19375,0.80325,0.73725,0.27775,0.8415,0.251,0.649,0.7070000000000001
SAMPLE_04061,0.02,0.5625,0.88725,0.2515,0.57225,0.653,0.52925,0.8612500000000001
SAMPLE_04062,0.53075,0.475,0.3595,0.314,0.7424999999999999,0.60625,0.68,0.82025
SAMPLE_04063,0.62125,0.27549999999999997,0.1825,0.3225,0.8075,0.5892499999999999,0.34925,0.85825
SAMPLE_04064,0.6915,0.37,0.32425,0.384,0.5762499999999999,0.46950000000000003,0.496,0.40249999999999997
SAMPLE_04065,0.139,0.1575,0.14475,1.0,0.3315,0.28824999999999995,0.05475000000000001,0.3925
SAMPLE_04066,0.8305,0.33725,0.3535,0.47324999999999995,0.16825,0.62625,0.6285000000000001,0.319
SAMPLE_04067,1.0,0.6675,0.60175,0.78325,1.0,1.0,1.0,1.0
SAMPLE_04068,0.48125,0.58325,0.483,0.45625,0.6097500000000001,0.84525,0.78575,0.396
SAMPLE_04069,0.17600000000000002,0.9007499999999999,0.89675,1.0,0.06825,0.292,0.43175,0.22125
SAMPLE_04070,0.8082500000000001,0.075,0.25625,0.3295,0.104,0.387,0.394,0.212
SAMPLE_04071,0.606,0.66475,0.5975,0.605,0.505,0.85325,0.44649999999999995,0.42525
SAMPLE_04072,0.5885,0.50725,0.53275,0.5345,0.436,0.80825,0.56725,0.276
SAMPLE_04073,0.64675,0.04525,0.0605,0.12325,0.7412500000000001,0.28049999999999997,0.10375000000000001,0.33075
SAMPLE_04074,0.1925,0.55925,0.48025000000000007,0.4395,0.84575,0.3975,0.7195,0.5825
SAMPLE_04075,0.7294999999999999,0.47350000000000003,0.3735,0.5884999999999999,0.51475,0.6689999999999999,0.72,0.373
SAMPLE_04076,0.34249999999999997,0.31100000000000005,0.23074999999999998,0.382,0.90575,0.5235000000000001,0.651,0.841
SAMPLE_04077,0.69275,0.5840000000000001,0.59275,0.64925,0.85225,0.8805000000000001,0.7585000000000001,0.69825
SAMPLE_04078,0.17625,0.65625,0.5575,1.0,0.2415,0.133,0.060000000000000005,0.07675000000000001
SAMPLE_04079,0.10974999999999999,0.63625,0.5429999999999999,1.0,0.46225000000000005,0.51675,0.31625000000000003,0.7625000000000001
SAMPLE_04080,0.317,0.757,0.7605000000000001,0.063,0.65525,0.317,0.505,0.5579999999999999
SAMPLE_04081,1.0,0.942,0.928,0.7825,1.0,1.0,1.0,1.0
SAMPLE_04082,0.7325,0.65425,0.74975,0.361,0.81525,0.37725,0.90025,0.709
SAMPLE_04083,0.824,0.10450000000000001,0.091,0.32325,0.7522500000000001,0.5097499999999999,0.21975,0.37150000000000005
SAMPLE_04084,0.5665,0.8845,0.9474999999999999,0.16325,0.9392499999999999,0.28525,0.8907499999999999,0.8612500000000001
SAMPLE_04085,1.0,0.766,0.48424999999999996,0.7835000000000001,1.0,1.0,1.0,1.0
SAMPLE_04086,0.75625,0.025750000000000002,0.07200000000000001,0.46425,0.26849999999999996,0.4085,0.13325,0.20625000000000002
SAMPLE_04087,0.489,0.7462500000000001,0.69825,0.5037499999999999,0.62275,0.616,0.8442500000000001,0.5822499999999999
SAMPLE_04088,0.31125,0.9332499999999999,0.95075,0.18775,0.8745,0.79625,0.77225,0.7945
SAMPLE_04089,0.52375,0.7305,0.9095,0.20475,0.905,0.6954999999999999,0.74975,0.817
SAMPLE_04090,0.5607500000000001,0.63275,0.69675,0.51725,0.9015000000000001,0.79625,0.7100000000000001,0.8995
SAMPLE_04091,0.14275,0.5775,0.5277499999999999,1.0,0.31125,0.4875,0.25125,0.4345
SAMPLE_04092,0.7827500000000001,0.23525,0.28500000000000003,0.62875,0.73825,0.6507499999999999,0.24075000000000002,0.32500000000000007
SAMPLE_04093,0.172,0.28049999999999997,0.16899999999999998,0.315,0.6839999999999999,0.57525,0.383,0.68975
SAMPLE_04094,0.292,0.5449999999999999,0.64825,0.146,0.78825,0.16449999999999998,0.65575,0.7364999999999999
SAMPLE_04095,0.32475,0.96925,0.9629999999999999,1.0,0.12925,0.243,0.64425,0.22974999999999998
SAMPLE_04096,0.85725,0.3105,0.3925,0.51325,0.08575,0.5827499999999999,0.32425,0.08975
SAMPLE_04097,0.249,0.51875,0.554,0.17875000000000002,0.838,0.33599999999999997,0.5105,0.6575
SAMPLE_04098,0.30574999999999997,0.8202499999999999,0.86625,0.7012499999999999,0.82675,0.61825,0.6869999999999999,0.59425
SAMPLE_04099,0.5422499999999999,0.35675,0.52025,0.50875,0.838,0.7170000000000001,0.692,0.5840000000000001
SAMPLE_04100,0.8552500000000001,0.967,0.94475,0.59625,0.916,0.9257500000000001,0.9404999999999999,0.667
SAMPLE_04101,0.22475,0.747,0.75675,1.0,0.22775,0.32499999999999996,0.7737499999999999,0.5262499999999999
SAMPLE_04102,0.57525,0.17874999999999996,0.24675,0.41225,0.77225,0.8045,0.27275,0.403
SAMPLE_04103,0.16675,0.27825,0.25075000000000003,1.0,0.2425,0.19,0.14075,0.3125
SAMPLE_04104,0.518,0.718,0.9225,0.08350000000000002,0.8194999999999999,0.279,0.80925,0.77725
SAMPLE_04105,0.8983749999999999,0.12125,0.11875,0.4535,0.11174999999999999,0.58375,0.12475,0.10175000000000001
SAMPLE_04106,0.681125,0.26449999999999996,0.25375000000000003,0.5605,0.39799999999999996,0.69825,0.48274999999999996,0.23525
SAMPLE_04107,0.54875,0.44,0.32025,0.06875,0.683,0.167,0.73,0.9027499999999999
SAMPLE_04108,0.16975,0.929,0.8555,1.0,0.44525000000000003,0.38499999999999995,0.22299999999999998,0.6910000000000001
SAMPLE_04109,0.2165,0.855,0.81875,1.0,0.1785,0.46525000000000005,0.40175000000000005,0.41174999999999995
SAMPLE_04110,0.28875,0.7212500000000001,0.7625,1.0,0.064,0.2625,0.323,0.05475
SAMPLE_04111,0.08725000000000001,0.62025,0.6505,0.3285,0.289,0.28425,0.40249999999999997,0.5952500000000001
SAMPLE_04112,0.77025,0.5225,0.38825,0.3465,0.08600000000000001,0.6427499999999999,0.4675,0.052
SAMPLE_04113,0.67025,0.29724999999999996,0.45625,0.6495,0.8845000000000001,0.746,0.60675,0.76275
SAMPLE_04114,0.67275,0.0925,0.07100000000000001,0.42775,0.24225,0.44725000000000004,0.41825,0.20349999999999996
SAMPLE_04115,0.268,0.64925,0.5329999999999999,0.14775000000000002,0.30774999999999997,0.183,0.45324999999999993,0.31699999999999995
SAMPLE_04116,0.74775,0.737,0.70225,0.675,0.78325,0.8785000000000001,0.88875,0.8772500000000001
SAMPLE_04117,0.64775,0.38775,0.2455,0.151,0.23125,0.29400000000000004,0.244,0.3685
SAMPLE_04118,0.77525,0.08475,0.035500000000000004,0.65225,0.9485,0.8422499999999999,0.52025,0.6795
SAMPLE_04119,0.69325,0.1045,0.14500000000000002,0.29175,0.6614999999999999,0.5065,0.17450000000000002,0.30500000000000005
SAMPLE_04120,0.43625,0.36274999999999996,0.38225000000000003,0.3865,0.887,0.63625,0.6865,0.5422500000000001
SAMPLE_04121,0.55425,0.47000000000000003,0.6545,0.60225,0.4845,0.65875,0.8220000000000001,0.42400000000000004
SAMPLE_04122,0.28125,0.6892499999999999,0.772,0.17975000000000002,0.576,0.37424999999999997,0.4435,0.64925
SAMPLE_04123,0.5975,0.41875,0.5469999999999999,0.7060000000000001,0.6775,0.84,0.8180000000000001,0.563
SAMPLE_04124,0.6767500000000001,0.18525,0.12675,0.24275,0.25925,0.473,0.3827499999999999,0.1955
SAMPLE_04125,0.32275,0.52025,0.61975,0.17275,0.74025,0.57875,0.456,0.92475
SAMPLE_04126,0.62325,0.0235,0.01875,0.31175,0.768,0.2645,0.109,0.39525
SAMPLE_04127,0.7195,0.4010000000000001,0.389,0.40725,0.31525,0.434,0.47000000000000003,0.26325000000000004
SAMPLE_04128,0.54625,0.93825,0.95475,0.417,0.944,0.8069999999999999,0.8520000000000001,0.83425
SAMPLE_04129,0.8592500000000001,0.539,0.7677499999999999,0.60775,0.40375,0.59575,0.77225,0.4035
SAMPLE_04130,0.72075,0.59975,0.50675,0.627,0.84075,0.943,0.8305,0.5375
SAMPLE_04131,0.5085,0.66025,0.77675,0.45799999999999996,0.7195,0.5317500000000001,0.46599999999999997,0.921
SAMPLE_04132,0.35375,0.74925,0.73725,0.25375,0.5295,0.3295,0.552,0.70375
SAMPLE_04133,0.039,0.14525,0.08525,1.0,0.13,0.18025,0.04125,0.6675
SAMPLE_04134,0.887,0.075,0.04,0.34600000000000003,0.6995,0.48975,0.304,0.29025
SAMPLE_04135,0.89625,0.42125,0.49400000000000005,0.586,0.37849999999999995,0.447,0.575,0.307
SAMPLE_04136,0.19024999999999997,0.76125,0.7605,1.0,0.10075,0.1485,0.53225,0.5535
SAMPLE_04137,0.29,0.7474999999999999,0.73025,0.09600000000000002,0.4195,0.21100000000000002,0.74075,0.38499999999999995
SAMPLE_04138,1.0,0.7925,0.75725,0.79475,1.0,1.0,1.0,1.0
SAMPLE_04139,0.7645,0.0695,0.094,0.5367500000000001,0.5900000000000001,0.46975,0.24000000000000002,0.3425
SAMPLE_04140,0.5275,0.38875000000000004,0.48475,0.2555,0.5705,0.27325,0.46475,0.8717499999999999
SAMPLE_04141,0.58975,0.32475,0.25949999999999995,0.3795,0.3155,0.5782499999999999,0.30174999999999996,0.23525
SAMPLE_04142,0.59875,0.0965,0.189,0.5015,0.7969999999999999,0.4455,0.5405,0.7782500000000001
SAMPLE_04143,0.711,0.27675,0.34349999999999997,0.262,0.6984999999999999,0.6292500000000001,0.5215,0.378
SAMPLE_04144,0.853,0.04475,0.04175000000000001,0.276,0.12075000000000001,0.517,0.23074999999999998,0.09749999999999999
SAMPLE_04145,0.88825,0.5974999999999999,0.6194999999999999,0.5175,0.46675,0.7365,0.8180000000000001,0.4015
SAMPLE_04146,0.8649999999999999,0.4415,0.6127499999999999,0.57325,0.92225,0.62725,0.794,0.6305000000000001
SAMPLE_04147,0.0835,0.26275000000000004,0.20024999999999998,1.0,0.066,0.04699999999999999,0.0995,0.08125
SAMPLE_04148,0.8853749999999999,0.305,0.39675,0.51875,0.32375000000000004,0.737,0.52,0.25
SAMPLE_04149,0.2645,0.2885,0.387,0.07800000000000001,0.37375,0.161,0.5349999999999999,0.81125
SAMPLE_04150,0.18575,0.851,0.78675,1.0,0.1925,0.084,0.30374999999999996,0.12625
SAMPLE_04151,0.865,0.0505,0.118,0.2865,0.65,0.26025,0.11699999999999999,0.34525000000000006
SAMPLE_04152,0.1545,0.393,0.30425,1.0,0.1665,0.31625,0.39249999999999996,0.45524999999999993
SAMPLE_04153,0.13624999999999998,0.302,0.29225,1.0,0.192,0.2835,0.32775,0.29075
SAMPLE_04154,0.7585,0.18375,0.1925,0.36375,0.18800000000000003,0.3847499999999999,0.3872500000000001,0.21375
SAMPLE_04155,0.33575,0.48975,0.5025,0.178,0.68625,0.16074999999999998,0.31875,0.9265000000000001
SAMPLE_04156,0.5960000000000001,0.21475,0.217,0.4912500000000001,0.3485,0.5467500000000001,0.55525,0.49750000000000005
SAMPLE_04157,0.23025,0.5322499999999999,0.5257499999999999,1.0,0.08625,0.08249999999999999,0.195,0.1835
SAMPLE_04158,0.574,0.798,0.821,0.10775,0.8907500000000002,0.22575,0.49475,0.9237500000000001
SAMPLE_04159,0.2545,0.9402499999999999,0.9272499999999999,1.0,0.08675000000000001,0.3665,0.7965,0.7909999999999999
SAMPLE_04160,0.9157500000000001,0.025500000000000002,0.069,0.1315,0.505,0.315,0.096,0.26775
SAMPLE_04161,0.3745,0.50475,0.589,0.17925000000000002,0.72175,0.23174999999999996,0.661,0.63625
SAMPLE_04162,0.07525,0.36100000000000004,0.46,0.052,0.609,0.13599999999999998,0.2625,0.6275
SAMPLE_04163,0.49775,0.8310000000000001,0.80375,0.69875,0.9472499999999999,0.884,0.93125,0.8234999999999999
SAMPLE_04164,0.036750000000000005,0.32975,0.37425,1.0,0.0245,0.10124999999999999,0.0475,0.137
SAMPLE_04165,0.5892499999999999,0.9575,0.8925,0.101,0.8282499999999999,0.34075000000000005,0.7007500000000001,0.83675
SAMPLE_04166,0.26725,0.6805,0.627,0.28175,0.51775,0.49849999999999994,0.7535000000000001,0.489
SAMPLE_04167,0.34475,0.67125,0.7242500000000001,0.21100000000000002,0.54375,0.46824999999999994,0.7322500000000001,0.6432500000000001
SAMPLE_04168,0.3225,0.73675,0.92475,0.1715,0.5255000000000001,0.27075,0.8945,0.70625
SAMPLE_04169,0.886125,0.4645,0.31925000000000003,0.40175,0.5305,0.7402500000000001,0.4805,0.404
SAMPLE_04170,0.28750000000000003,0.79225,0.792,1.0,0.2095,0.13975,0.31,0.1925
SAMPLE_04171,0.5802499999999999,0.65525,0.5182500000000001,0.68825,0.47274999999999995,0.8445,0.538,0.6437499999999999
SAMPLE_04172,0.6489999999999999,0.34600000000000003,0.5285,0.5015,0.6265,0.855,0.40549999999999997,0.29974999999999996
SAMPLE_04173,0.74325,0.5815,0.7619999999999999,0.73375,0.795,0.9259999999999999,0.83075,0.52675
SAMPLE_04174,0.20325,0.77425,0.679,1.0,0.09225,0.307,0.18550000000000003,0.201
SAMPLE_04175,0.3165,0.63975,0.452,0.23975000000000002,0.62475,0.18475,0.53525,0.89
SAMPLE_04176,0.7975,0.61575,0.44675000000000004,0.548,0.513,0.7507499999999999,0.8175,0.4905
SAMPLE_04177,0.03275,0.5525,0.27475,0.06225000000000001,0.43474999999999997,0.0925,0.38749999999999996,0.9470000000000001
SAMPLE_04178,0.6195,0.4755,0.588,0.73325,0.80525,0.9400000000000001,0.833,0.8440000000000001
SAMPLE_04179,0.518,0.0845,0.09275,0.55025,0.9629999999999999,0.5525,0.31225,0.753
SAMPLE_04180,1.0,0.774,0.5055000000000001,0.7942500000000001,1.0,1.0,1.0,1.0
SAMPLE_04181,0.36725,0.328,0.419,0.2475,0.5965,0.28575,0.33374999999999994,0.6065
SAMPLE_04182,0.66425,0.4865,0.43025,0.40575,0.522,0.64425,0.85625,0.47150000000000003
SAMPLE_04183,0.2945,0.8200000000000001,0.7615000000000001,1.0,0.2645,0.07150000000000001,0.04125,0.10200000000000001
SAMPLE_04184,0.8785,0.09825,0.23500000000000004,0.45425,0.34099999999999997,0.39025,0.549,0.2265
SAMPLE_04185,0.821,0.16625,0.487,0.322,0.39425000000000004,0.47250000000000003,0.5255000000000001,0.2975
SAMPLE_04186,0.012499999999999999,0.6835,0.635,1.0,0.0605,0.15325,0.21375,0.12424999999999999
SAMPLE_04187,0.24099999999999996,0.52,0.3235,0.20900000000000002,0.599,0.24125000000000002,0.84125,0.8707499999999999
SAMPLE_04188,0.38625,0.7842499999999999,0.75775,0.0695,0.6757500000000001,0.2025,0.4485,0.942
SAMPLE_04189,0.3025,0.53675,0.40574999999999994,0.25825,0.78275,0.3715,0.59575,0.913
SAMPLE_04190,0.828,0.16775,0.26975,0.457,0.188,0.603,0.5905,0.19324999999999998
SAMPLE_04191,0.629,0.27575,0.4355,0.63175,0.2655,0.7837500000000001,0.39075,0.37424999999999997
SAMPLE_04192,0.6695,0.15275,0.24975,0.41500000000000004,0.3085,0.5545,0.52275,0.2675
SAMPLE_04193,0.536,0.843,0.8805000000000001,0.34325,0.73175,0.6345,0.58125,0.523
SAMPLE_04194,0.1645,0.21775,0.08099999999999999,0.0735,0.2855,0.178,0.21325,0.15200000000000002
SAMPLE_04195,0.7414999999999999,0.4255,0.59,0.6445000000000001,0.337,0.52225,0.5622499999999999,0.41925
SAMPLE_04196,0.4325,0.25425,0.39425,0.62375,0.67275,0.77575,0.7527499999999999,0.7155
SAMPLE_04197,0.7585,0.192,0.1935,0.3635,0.29100000000000004,0.73125,0.2645,0.174
SAMPLE_04198,0.5515,0.28925,0.34075,0.256,0.72175,0.6175,0.44775000000000004,0.466
SAMPLE_04199,0.5495,0.7160000000000001,0.61225,0.5317500000000001,0.5382499999999999,0.77425,0.692,0.42275
SAMPLE_04200,0.03675,0.7727499999999999,0.6572500000000001,1.0,0.07250000000000001,0.1855,0.607,0.27475000000000005
SAMPLE_04201,0.6285000000000001,0.075,0.04325,0.16,0.09849999999999999,0.31325000000000003,0.11524999999999999,0.017750000000000002
SAMPLE_04202,0.5895,0.613,0.68075,0.61825,0.35700000000000004,0.8107500000000001,0.73825,0.26475
SAMPLE_04203,0.723625,0.46575,0.484,0.402,0.49724999999999997,0.46599999999999997,0.695,0.4565
SAMPLE_04204,0.81475,0.69225,0.67625,0.40325,0.26775,0.72075,0.64075,0.23500000000000001
SAMPLE_04205,0.6935,0.42,0.62675,0.2955,0.45499999999999996,0.5714999999999999,0.6537499999999999,0.4635
SAMPLE_04206,0.4525,0.38725,0.39775,0.6219999999999999,0.925,0.618,0.4205,0.7695000000000001
SAMPLE_04207,0.444,0.891,0.8380000000000001,1.0,0.2445,0.039,0.71925,0.37374999999999997
SAMPLE_04208,0.343,0.3085,0.25075000000000003,0.129,0.3565,0.23275,0.23675,0.2825
SAMPLE_04209,0.7077500000000001,0.39825000000000005,0.2955,0.34550000000000003,0.6287499999999999,0.5447500000000001,0.4015,0.39374999999999993
SAMPLE_04210,0.14225,0.3015,0.24325000000000002,0.2125,0.511,0.31625,0.355,0.83225
SAMPLE_04211,0.76925,0.42800000000000005,0.46375,0.19475,0.33125,0.25875000000000004,0.1665,0.08075
SAMPLE_04212,0.48975,0.45975,0.46975,0.6547499999999999,0.93675,0.7245,0.5175,0.7457499999999999
SAMPLE_04213,0.9245,0.474,0.32725000000000004,0.39449999999999996,0.32999999999999996,0.63775,0.321,0.18075
SAMPLE_04214,0.183,0.78025,0.652,1.0,0.17575000000000002,0.4245,0.29425,0.33975
SAMPLE_04215,0.47025,0.55275,0.6467499999999999,0.6905,0.8464999999999999,0.862,0.496,0.905
SAMPLE_04216,0.6663749999999999,0.40175,0.6125,0.70075,0.3455,0.7620000000000001,0.7625000000000001,0.23375
SAMPLE_04217,0.127,0.74625,0.7502500000000001,1.0,0.22125,0.14575000000000002,0.7657499999999999,0.206
SAMPLE_04218,0.4875,0.198,0.5130000000000001,0.48924999999999996,0.8434999999999999,0.635,0.85975,0.7915
SAMPLE_04219,0.0015,0.20375,0.13799999999999998,1.0,0.055999999999999994,0.247,0.0395,0.75125
SAMPLE_04220,0.6457499999999999,0.7595,0.85825,0.583,0.4895,0.57175,0.7917500000000001,0.49549999999999994
SAMPLE_04221,0.05075,0.44699999999999995,0.38625,1.0,0.0585,0.29524999999999996,0.09525,0.1175
SAMPLE_04222,0.52325,0.15250000000000002,0.142,0.7182499999999999,0.7967500000000001,0.9279999999999999,0.69475,0.68425
SAMPLE_04223,0.0805,0.406,0.34675,0.44475000000000003,0.3705,0.54025,0.2605,0.70225
SAMPLE_04224,0.47225000000000006,0.3035,0.41900000000000004,0.53675,0.65625,0.7262500000000001,0.41650000000000004,0.56975
SAMPLE_04225,0.595,0.404,0.42525,0.27149999999999996,0.27925,0.34199999999999997,0.28875,0.145
SAMPLE_04226,0.573,0.19675,0.24475,0.40425,0.35675,0.64575,0.5585,0.2175
SAMPLE_04227,0.9085,0.052500000000000005,0.20575000000000002,0.36825,0.2185,0.26875,0.21600000000000003,0.13949999999999999
SAMPLE_04228,0.24100000000000002,0.185,0.245,1.0,0.3565,0.406,0.14675000000000002,0.24725
SAMPLE_04229,0.5085,0.35675,0.33149999999999996,0.629,0.489,0.7547499999999999,0.35925,0.5235000000000001
SAMPLE_04230,0.2855,0.7342500000000001,0.7064999999999999,0.187,0.788,0.39,0.70225,0.6445
SAMPLE_04231,0.21975,0.45525000000000004,0.6032500000000001,0.18675,0.17925,0.312,0.30725,0.03825
SAMPLE_04232,0.3025,0.63425,0.7235,0.14225000000000002,0.42974999999999997,0.41925,0.429,0.8755000000000001
SAMPLE_04233,0.755,0.26625,0.18775,0.6597500000000001,0.5175000000000001,0.76275,0.37675,0.4185
SAMPLE_04234,0.56675,0.6585000000000001,0.5715,0.65625,0.5742499999999999,0.8084999999999999,0.606,0.56775
SAMPLE_04235,0.8516250000000001,0.06875,0.1315,0.27449999999999997,0.7332500000000001,0.34400000000000003,0.20525,0.4335
SAMPLE_04236,0.10124999999999999,0.523,0.376,1.0,0.1385,0.19775,0.04975,0.0695
SAMPLE_04237,0.57875,0.03675,0.02675,0.50575,0.31425000000000003,0.47025,0.162,0.0275
SAMPLE_04238,0.115,0.71275,0.71175,1.0,0.38275000000000003,0.6667500000000001,0.2945,0.652
SAMPLE_04239,0.74025,0.9862500000000001,0.96175,0.53525,0.86575,0.95775,0.9535,0.583
SAMPLE_04240,0.029249999999999998,0.77325,0.792,1.0,0.04725,0.109,0.74125,0.442
SAMPLE_04241,0.60825,0.47175,0.45349999999999996,0.58975,0.33699999999999997,0.61225,0.5992500000000001,0.1315
SAMPLE_04242,0.24625000000000002,0.8079999999999999,0.8307499999999999,0.22949999999999998,0.5655,0.32225,0.7050000000000001,0.7585000000000001
SAMPLE_04243,0.4555,0.34825,0.58925,0.692,0.5085,0.848,0.61875,0.6285000000000001
SAMPLE_04244,0.76375,0.5980000000000001,0.247,0.34125,0.137,0.44475000000000003,0.33975,0.10499999999999998
SAMPLE_04245,0.7585000000000001,0.0575,0.06075,0.22575,0.08324999999999999,0.51875,0.237,0.178
SAMPLE_04246,0.10375,0.51225,0.5425,1.0,0.279,0.40875,0.011750000000000002,0.03475
SAMPLE_04247,0.19249999999999998,0.11825,0.09625,0.154,0.44125,0.3085,0.44125000000000003,0.8587500000000001
SAMPLE_04248,0.2415,0.69525,0.61275,0.45125,0.7030000000000001,0.69675,0.49625,0.7264999999999999
SAMPLE_04249,0.20875,0.60375,0.6475,0.373,0.22825,0.258,0.43025,0.1975
SAMPLE_04250,0.0995,0.25875000000000004,0.16299999999999998,1.0,0.06375,0.1095,0.0405,0.040499999999999994
SAMPLE_04251,0.36475,0.54025,0.41625,1.0,0.37175,0.2555,0.14550000000000002,0.28600000000000003
SAMPLE_04252,0.50925,0.121,0.167,0.23275,0.5495,0.5195,0.329,0.20024999999999998
SAMPLE_04253,0.06475,0.53,0.53625,1.0,0.10149999999999999,0.195,0.20775000000000005,0.2225
SAMPLE_04254,0.8638750000000001,0.525,0.5509999999999999,0.57675,0.60425,0.9372499999999999,0.89825,0.41250000000000003
SAMPLE_04255,0.45225000000000004,0.7072499999999999,0.7255,0.11499999999999999,0.52825,0.39175,0.30324999999999996,0.789
SAMPLE_04256,0.6965000000000001,0.19274999999999998,0.62225,0.28875,0.4625,0.47900000000000004,0.27225,0.3745
SAMPLE_04257,0.564,0.7515000000000001,0.65375,0.07724999999999999,0.71,0.11225,0.76875,0.72925
SAMPLE_04258,0.70825,0.31575,0.46049999999999996,0.518,0.94625,0.83075,0.5445,0.686
SAMPLE_04259,0.6717500000000001,0.3365,0.35350000000000004,0.6392500000000001,0.79725,0.8522500000000001,0.586,0.88775
SAMPLE_04260,0.7165,0.0035,0.01075,0.1665,0.12774999999999997,0.24725000000000003,0.0825,0.06775
SAMPLE_04261,0.006500000000000001,0.304,0.23700000000000002,1.0,0.0625,0.08125,0.028749999999999998,0.051500000000000004
SAMPLE_04262,0.547,0.6845000000000001,0.7657499999999999,0.56725,0.657,0.6935,0.5529999999999999,0.2875
SAMPLE_04263,0.83975,0.28825,0.38675000000000004,0.528,0.49150000000000005,0.8067500000000001,0.64325,0.376
SAMPLE_04264,0.11325,0.713,0.6595000000000001,0.228,0.4545,0.2765,0.20775,0.918
SAMPLE_04265,0.75025,0.9655,0.9649999999999999,0.5860000000000001,0.8489999999999999,0.87325,0.9552499999999999,0.6407499999999999
SAMPLE_04266,0.72125,0.28525,0.141,0.39,0.5635,0.60175,0.2295,0.616
SAMPLE_04267,0.292,0.12575,0.146,0.2955,0.66225,0.35800000000000004,0.309,0.933
SAMPLE_04268,0.11425,0.538,0.5365,0.1825,0.28600000000000003,0.076,0.246,0.663
SAMPLE_04269,0.12125,0.52675,0.5095000000000001,0.1825,0.283,0.44225000000000003,0.34525,0.27949999999999997
SAMPLE_04270,0.70125,0.3185,0.3805,0.43425,0.1015,0.5525,0.58625,0.15675
SAMPLE_04271,0.54625,0.8705,0.83525,0.176,0.5427500000000001,0.5920000000000001,0.867,0.7835
SAMPLE_04272,0.56425,0.088,0.23650000000000004,0.42574999999999996,0.5285,0.6204999999999999,0.3545,0.32149999999999995
SAMPLE_04273,1.0,0.59,0.3365,0.7950000000000002,1.0,1.0,1.0,1.0
SAMPLE_04274,0.3145,0.6732499999999999,0.52,0.30499999999999994,0.63725,0.38775,0.55225,0.869
SAMPLE_04275,0.8047500000000001,0.0665,0.06125,0.447,0.08325,0.57875,0.069,0.0615
SAMPLE_04276,0.7162499999999999,0.21775,0.19149999999999998,0.3155,0.2035,0.54325,0.28025,0.112
SAMPLE_04277,0.59075,0.6725,0.783,0.69675,0.8425,0.9445,0.8995,0.9077500000000001
SAMPLE_04278,0.21375,0.402,0.45425,0.0085,0.56275,0.04175,0.14550000000000002,0.49125
SAMPLE_04279,0.022,0.33175,0.35650000000000004,1.0,0.0825,0.20350000000000001,0.17074999999999999,0.1965
SAMPLE_04280,0.5995,0.8019999999999999,0.7414999999999999,0.69025,0.5205,0.9225,0.84375,0.5095000000000001
SAMPLE_04281,0.84075,0.44825000000000004,0.49124999999999996,0.57675,0.618,0.696,0.7675000000000001,0.48750000000000004
SAMPLE_04282,0.524,0.92825,0.91525,0.18899999999999997,0.58175,0.42400000000000004,0.76,0.6759999999999999
SAMPLE_04283,0.18125000000000002,0.37725000000000003,0.406,1.0,0.85075,0.24900000000000003,0.054,0.76425
SAMPLE_04284,0.012750000000000001,0.31975,0.3055,1.0,0.146,0.042249999999999996,0.132,0.646
SAMPLE_04285,0.8345,0.703,0.80325,0.7370000000000001,0.9524999999999999,0.9385,0.962,0.7015
SAMPLE_04286,0.27075,0.608,0.68675,1.0,0.118,0.12575,0.2,0.4115
SAMPLE_04287,0.40625,0.8097500000000001,0.702,0.11699999999999999,0.5475,0.23149999999999998,0.8445,0.76675
SAMPLE_04288,0.806125,0.429,0.40625,0.52825,0.40425,0.475,0.56575,0.229
SAMPLE_04289,0.07825,0.3405,0.1935,1.0,0.16300000000000003,0.17525000000000002,0.08825000000000002,0.6499999999999999
SAMPLE_04290,0.22975,0.78625,0.72325,1.0,0.2185,0.34325,0.40925,0.09625
SAMPLE_04291,0.52875,0.9107500000000001,0.866,0.123,0.8390000000000001,0.32975,0.917,0.928
SAMPLE_04292,0.25325,0.45025000000000004,0.3945,0.3295,0.573,0.374,0.33275,0.79675
SAMPLE_04293,0.49475,0.51875,0.552,0.595,0.248,0.6155,0.51175,0.1965
SAMPLE_04294,0.56575,0.11599999999999999,0.23399999999999999,0.267,0.8595,0.41475,0.16725,0.54225
SAMPLE_04295,0.5237499999999999,0.21000000000000002,0.25475,0.5195000000000001,0.3470000000000001,0.7505,0.29574999999999996,0.29124999999999995
SAMPLE_04296,0.68825,0.6749999999999999,0.66425,0.704,0.71,0.8009999999999999,0.8107500000000001,0.865
SAMPLE_04297,0.055999999999999994,0.39399999999999996,0.3185,1.0,0.011,0.12175,0.46950000000000003,0.13
SAMPLE_04298,1.0,0.5385,0.41975,0.79525,1.0,1.0,1.0,1.0
SAMPLE_04299,0.78825,0.554,0.5555,0.48850000000000005,0.453,0.74525,0.7245,0.3125
SAMPLE_04300,0.51175,0.3655,0.281,0.327,0.37199999999999994,0.5655,0.36325,0.6655
SAMPLE_04301,0.518,0.406,0.44825000000000004,0.6415000000000001,0.83575,0.8402499999999999,0.57175,0.8775
SAMPLE_04302,0.91575,0.04000000000000001,0.15475,0.36524999999999996,0.74975,0.7755,0.14075,0.2645
SAMPLE_04303,0.7127499999999999,0.30774999999999997,0.37050000000000005,0.41275,0.22225,0.7455,0.5249999999999999,0.36349999999999993
SAMPLE_04304,0.18825,0.4655,0.3765,0.25075,0.47775,0.18525000000000003,0.50025,0.8580000000000001
SAMPLE_04305,0.64525,0.41875,0.40675,0.42325,0.778,0.6925,0.42825,0.341
SAMPLE_04306,0.092,0.398,0.317,1.0,0.2405,0.2525,0.26175,0.6147499999999999
SAMPLE_04307,0.78925,0.31525000000000003,0.30375,0.5015000000000001,0.383,0.6665,0.75325,0.21899999999999997
SAMPLE_04308,0.23074999999999998,0.51525,0.4905,0.1465,0.43775,0.226,0.152,0.7945
SAMPLE_04309,0.0625,0.15400000000000003,0.143,1.0,0.0305,0.132,0.07650000000000001,0.057249999999999995
SAMPLE_04310,1.0,0.60925,0.58825,0.8047500000000001,1.0,1.0,1.0,1.0
SAMPLE_04311,0.32,0.8895000000000001,0.84175,0.11550000000000002,0.829,0.21075,0.7012499999999999,0.948
SAMPLE_04312,0.886,0.017750000000000002,0.07150000000000001,0.18075,0.84575,0.37525,0.14075000000000001,0.44849999999999995
SAMPLE_04313,0.67075,0.2655,0.09949999999999999,0.40475000000000005,0.2865,0.4347500000000001,0.33975,0.128
SAMPLE_04314,0.65325,0.7610000000000001,0.7955,0.6235,0.7445,0.73475,0.9225000000000001,0.6399999999999999
SAMPLE_04315,0.506,0.97225,0.941,1.0,0.312,0.3395,0.78275,0.40675
SAMPLE_04316,0.754,0.5605,0.46724999999999994,0.53375,0.7060000000000001,0.69575,0.6597500000000001,0.9092499999999999
SAMPLE_04317,0.529,0.46975000000000006,0.766,0.2245,0.654,0.486,0.63575,0.8042499999999999
SAMPLE_04318,0.6655,0.26,0.2985,0.5347500000000001,0.54875,0.86975,0.68325,0.406
SAMPLE_04319,0.1325,0.4640000000000001,0.537,0.11474999999999999,0.7305,0.158,0.5105000000000001,0.6385000000000001
SAMPLE_04320,0.591,0.47775,0.45124999999999993,0.48175,0.36,0.52325,0.54575,0.59925
SAMPLE_04321,0.09175,0.8009999999999999,0.7669999999999999,1.0,0.20525,0.3485,0.635,0.14125
SAMPLE_04322,0.34825,0.71075,0.7092499999999999,0.1585,0.53625,0.16599999999999998,0.7337499999999999,0.8310000000000001
SAMPLE_04323,0.5567500000000001,0.63775,0.8047500000000001,0.23125,0.262,0.6829999999999999,0.89175,0.362
SAMPLE_04324,0.1755,0.7619999999999999,0.675,0.34049999999999997,0.732,0.4665,0.60425,0.74125
SAMPLE_04325,0.296,0.908,0.8445,1.0,0.44150000000000006,0.01175,0.7935,0.386
SAMPLE_04326,0.31675,0.79,0.8307500000000001,0.22725,0.55325,0.24275,0.7590000000000001,0.38075000000000003
SAMPLE_04327,0.05975,0.37775000000000003,0.3115,1.0,0.7195,0.401,0.22425000000000003,0.315
SAMPLE_04328,0.21700000000000003,0.69,0.6555,1.0,0.131,0.21425,0.27475,0.62375
SAMPLE_04329,0.495,0.66225,0.7145,0.73875,0.7737499999999999,0.8440000000000001,0.76975,0.5607500000000001
SAMPLE_04330,0.5145,0.43825,0.336,0.4895,0.53875,0.6900000000000001,0.4525,0.43175
SAMPLE_04331,0.644,0.31725000000000003,0.23550000000000001,0.6255000000000001,0.5645,0.85875,0.59625,0.48075
SAMPLE_04332,0.59425,0.26075,0.7135,0.16975,0.937,0.13075,0.7295,0.8785000000000001
SAMPLE_04333,0.04075,0.26275,0.105,1.0,0.10025,0.19825,0.21575,0.12275
SAMPLE_04334,0.5195000000000001,0.7012499999999999,0.75925,0.258,0.48424999999999996,0.37975000000000003,0.28200000000000003,0.896
SAMPLE_04335,0.693125,0.16475,0.20625,0.41324999999999995,0.35150000000000003,0.39049999999999996,0.191,0.1845
SAMPLE_04336,0.25375000000000003,0.344,0.51175,0.24100000000000002,0.474,0.34275,0.63825,0.83925
SAMPLE_04337,1.0,0.8127500000000001,0.6995,0.7888750000000001,1.0,1.0,1.0,1.0
SAMPLE_04338,0.7242500000000001,0.40700000000000003,0.63175,0.129,0.8245,0.281,0.6519999999999999,0.51425
SAMPLE_04339,0.57075,0.76825,0.9875,0.3105,0.8602500000000001,0.528,0.50975,0.8034999999999999
SAMPLE_04340,1.0,0.6367499999999999,0.494,0.7827500000000001,1.0,1.0,1.0,1.0
SAMPLE_04341,0.5087499999999999,0.51,0.51725,0.72975,0.8170000000000001,0.8325,0.64675,0.6950000000000001
SAMPLE_04342,0.53775,0.16325,0.13125,0.185,0.7837500000000001,0.3925,0.10475,0.37999999999999995
SAMPLE_04343,0.13624999999999998,0.8807499999999999,0.8695,1.0,0.19625,0.1475,0.7825,0.6617500000000001
SAMPLE_04344,0.38025,0.9047499999999999,0.7949999999999999,0.1895,0.15175,0.36475,0.68025,0.27599999999999997
SAMPLE_04345,0.10025,0.373,0.307,1.0,0.04175,0.1315,0.058,0.012750000000000001
SAMPLE_04346,0.3705,0.87625,0.79975,0.7585,0.26,0.81575,0.748,0.35125
SAMPLE_04347,0.6525000000000001,0.48124999999999996,0.39975000000000005,0.7105,0.796,0.9012500000000001,0.6875,0.8524999999999999
SAMPLE_04348,0.14700000000000002,0.6045,0.57875,0.28750000000000003,0.6895,0.535,0.8605,0.68725
SAMPLE_04349,0.3805,0.5257499999999999,0.5225,0.17024999999999998,0.7505,0.16425,0.7235,0.7280000000000001
SAMPLE_04350,0.29625,0.8085,0.7132499999999999,1.0,0.131,0.0835,0.5269999999999999,0.123
SAMPLE_04351,0.80375,0.09174999999999998,0.23025,0.21725,0.48624999999999996,0.34525,0.3625,0.373
SAMPLE_04352,0.2205,0.50525,0.39275000000000004,0.27275,0.831,0.392,0.6945000000000001,0.8747499999999999
SAMPLE_04353,0.2605,0.851,0.786,0.13625,0.73025,0.194,0.6144999999999999,0.64725
SAMPLE_04354,0.11400000000000002,0.71075,0.78425,0.1365,0.8332499999999999,0.45199999999999996,0.38375,0.8250000000000001
SAMPLE_04355,0.0425,0.63625,0.5805,1.0,0.09999999999999999,0.35574999999999996,0.39975000000000005,0.0745
SAMPLE_04356,0.47525,0.50475,0.461,0.6365000000000001,0.612,0.65625,0.722,0.66225
SAMPLE_04357,0.11925,0.521,0.44025000000000003,1.0,0.1625,0.1945,0.05225,0.033249999999999995
SAMPLE_04358,0.747,0.38875000000000004,0.5429999999999999,0.42325,0.33025000000000004,0.7635,0.4525,0.12625
SAMPLE_04359,0.043250000000000004,0.44725,0.43775,0.16900000000000004,0.7464999999999999,0.2355,0.6045,0.96675
