feature_index,feature_name,mean_rank
275,maldi_feature_1245,241.0
97,maldi_feature_1085,311.75
1557,maldi_feature_24,319.0
286,maldi_feature_1255,324.0
624,maldi_feature_156,343.5
199,maldi_feature_1177,355.75
160,maldi_feature_1141,357.25
981,maldi_feature_1881,399.0
91,maldi_feature_108,414.75
52,maldi_feature_1044,462.25
3,maldi_feature_100,464.25
134,maldi_feature_1118,470.75
556,maldi_feature_1499,478.0
311,maldi_feature_1278,484.0
102,maldi_feature_109,488.5
337,maldi_feature_1300,488.75
243,maldi_feature_1216,499.75
635,maldi_feature_157,504.75
85,maldi_feature_1074,511.0
273,maldi_feature_1243,513.0
129,maldi_feature_1113,515.75
140,maldi_feature_1123,521.5
871,maldi_feature_1782,521.75
194,maldi_feature_1172,525.75
159,maldi_feature_1140,533.25
146,maldi_feature_1129,541.0
9,maldi_feature_1005,545.5
749,maldi_feature_1672,549.75
784,maldi_feature_1703,552.75
87,maldi_feature_1076,554.75
235,maldi_feature_1209,561.5
891,maldi_feature_180,563.75
1040,maldi_feature_1934,566.75
495,maldi_feature_1443,567.5
543,maldi_feature_1487,568.25
300,maldi_feature_1268,569.75
643,maldi_feature_1577,570.0
264,maldi_feature_1235,574.25
240,maldi_feature_1213,576.0
742,maldi_feature_1666,577.25
774,maldi_feature_1695,580.25
111,maldi_feature_1098,580.75
196,maldi_feature_1174,588.0
35,maldi_feature_1029,590.25
1369,maldi_feature_223,596.25
764,maldi_feature_1686,596.5
705,maldi_feature_1632,598.0
570,maldi_feature_1510,611.25
18,maldi_feature_1013,612.0
435,maldi_feature_139,613.75
