Ampicillin,Levofloxacin,Ciprofloxacin,Imipenem,Amoxicillin_Clavulanic_acid,Ertapenem,Cefotaxime,Cefuroxime
maldi_feature_5338,maldi_feature_5420,maldi_feature_5768,maldi_feature_5390,maldi_feature_5410,maldi_feature_5995,maldi_feature_5631,maldi_feature_5949
maldi_feature_5339,maldi_feature_5645,maldi_feature_5767,maldi_feature_3822,maldi_feature_5411,maldi_feature_5996,maldi_feature_5630,maldi_feature_5948
maldi_feature_5888,maldi_feature_5646,maldi_feature_5761,maldi_feature_3821,maldi_feature_5412,maldi_feature_5997,maldi_feature_5621,maldi_feature_5947
maldi_feature_5887,maldi_feature_5647,maldi_feature_5760,maldi_feature_5376,maldi_feature_5413,maldi_feature_5998,maldi_feature_5620,maldi_feature_5946
maldi_feature_5886,maldi_feature_5417,maldi_feature_5759,maldi_feature_5375,maldi_feature_5414,maldi_feature_5212,maldi_feature_5619,maldi_feature_5945
maldi_feature_5885,maldi_feature_5416,maldi_feature_5758,maldi_feature_5374,maldi_feature_5415,maldi_feature_5390,maldi_feature_5618,maldi_feature_5944
maldi_feature_5884,maldi_feature_5401,maldi_feature_5757,maldi_feature_5373,maldi_feature_5416,maldi_feature_5761,maldi_feature_5617,maldi_feature_5943
maldi_feature_5881,maldi_feature_5400,maldi_feature_5756,maldi_feature_5372,maldi_feature_5417,maldi_feature_5760,maldi_feature_5616,maldi_feature_5301
maldi_feature_5098,maldi_feature_5399,maldi_feature_5755,maldi_feature_5371,maldi_feature_5418,maldi_feature_5759,maldi_feature_5615,maldi_feature_5936
maldi_feature_5877,maldi_feature_5648,maldi_feature_5754,maldi_feature_5370,maldi_feature_5419,maldi_feature_5758,maldi_feature_5611,maldi_feature_5935
maldi_feature_5876,maldi_feature_5872,maldi_feature_5998,maldi_feature_5360,maldi_feature_5420,maldi_feature_5757,maldi_feature_5610,maldi_feature_5932
maldi_feature_5875,maldi_feature_5650,maldi_feature_5747,maldi_feature_5823,maldi_feature_5692,maldi_feature_5756,maldi_feature_5609,maldi_feature_5931
maldi_feature_5874,maldi_feature_5652,maldi_feature_5746,maldi_feature_5359,maldi_feature_5422,maldi_feature_5755,maldi_feature_5608,maldi_feature_5930
maldi_feature_5873,maldi_feature_5913,maldi_feature_5744,maldi_feature_5219,maldi_feature_5423,maldi_feature_5754,maldi_feature_5607,maldi_feature_5929
maldi_feature_5872,maldi_feature_5912,maldi_feature_5743,maldi_feature_5354,maldi_feature_5424,maldi_feature_5446,maldi_feature_5606,maldi_feature_5928
maldi_feature_5871,maldi_feature_5911,maldi_feature_5742,maldi_feature_5352,maldi_feature_5425,maldi_feature_5179,maldi_feature_5341,maldi_feature_5927
maldi_feature_5870,maldi_feature_5390,maldi_feature_5739,maldi_feature_5821,maldi_feature_5426,maldi_feature_5173,maldi_feature_5582,maldi_feature_5942
maldi_feature_5341,maldi_feature_5910,maldi_feature_5738,maldi_feature_5820,maldi_feature_5427,maldi_feature_5172,maldi_feature_5583,maldi_feature_5510
maldi_feature_5340,maldi_feature_5909,maldi_feature_5732,maldi_feature_5348,maldi_feature_5428,maldi_feature_5171,maldi_feature_5584,maldi_feature_5982
maldi_feature_5912,maldi_feature_5908,maldi_feature_5731,maldi_feature_3795,maldi_feature_5429,maldi_feature_5154,maldi_feature_5585,maldi_feature_5981
maldi_feature_5911,maldi_feature_5907,maldi_feature_5728,maldi_feature_3794,maldi_feature_3537,maldi_feature_5153,maldi_feature_5586,maldi_feature_5520
maldi_feature_5910,maldi_feature_5657,maldi_feature_5753,maldi_feature_5347,maldi_feature_5430,maldi_feature_5147,maldi_feature_5588,maldi_feature_5529
maldi_feature_5909,maldi_feature_5649,maldi_feature_5821,maldi_feature_5346,maldi_feature_5431,maldi_feature_5146,maldi_feature_5590,maldi_feature_5530
maldi_feature_5908,maldi_feature_5441,maldi_feature_5820,maldi_feature_5585,maldi_feature_5421,maldi_feature_5145,maldi_feature_5605,maldi_feature_5964
maldi_feature_5907,maldi_feature_5943,maldi_feature_5819,maldi_feature_5819,maldi_feature_3644,maldi_feature_5136,maldi_feature_5592,maldi_feature_5963
maldi_feature_5902,maldi_feature_5440,maldi_feature_5818,maldi_feature_5818,maldi_feature_3643,maldi_feature_5747,maldi_feature_5593,maldi_feature_5950
maldi_feature_5901,maldi_feature_5439,maldi_feature_5817,maldi_feature_5343,maldi_feature_5390,maldi_feature_5746,maldi_feature_5594,maldi_feature_5961
maldi_feature_5890,maldi_feature_5942,maldi_feature_5816,maldi_feature_5822,maldi_feature_5391,maldi_feature_5099,maldi_feature_5600,maldi_feature_5960
maldi_feature_5899,maldi_feature_5438,maldi_feature_5815,maldi_feature_5844,maldi_feature_5392,maldi_feature_5098,maldi_feature_5601,maldi_feature_5959
maldi_feature_5898,maldi_feature_5437,maldi_feature_5814,maldi_feature_5843,maldi_feature_5393,maldi_feature_5744,maldi_feature_5602,maldi_feature_5958
maldi_feature_5897,maldi_feature_5436,maldi_feature_5813,maldi_feature_5842,maldi_feature_3622,maldi_feature_5753,maldi_feature_5603,maldi_feature_5957
maldi_feature_5896,maldi_feature_5936,maldi_feature_5809,maldi_feature_5446,maldi_feature_5395,maldi_feature_5951,maldi_feature_5604,maldi_feature_5956
maldi_feature_5895,maldi_feature_5935,maldi_feature_5775,maldi_feature_5442,maldi_feature_5396,maldi_feature_5952,maldi_feature_5591,maldi_feature_5952
maldi_feature_5337,maldi_feature_5932,maldi_feature_5807,maldi_feature_5441,maldi_feature_5397,maldi_feature_5775,maldi_feature_5652,maldi_feature_5951
maldi_feature_5893,maldi_feature_5421,maldi_feature_5805,maldi_feature_5440,maldi_feature_5398,maldi_feature_5956,maldi_feature_5657,maldi_feature_5962
maldi_feature_5892,maldi_feature_5930,maldi_feature_5804,maldi_feature_5439,maldi_feature_3542,maldi_feature_5957,maldi_feature_5658,maldi_feature_5901
maldi_feature_5891,maldi_feature_5929,maldi_feature_5803,maldi_feature_5438,maldi_feature_3610,maldi_feature_5958,maldi_feature_5964,maldi_feature_5900
maldi_feature_5900,maldi_feature_5928,maldi_feature_5801,maldi_feature_5437,maldi_feature_3581,maldi_feature_5959,maldi_feature_5963,maldi_feature_5567
maldi_feature_5841,maldi_feature_5927,maldi_feature_5800,maldi_feature_5436,maldi_feature_5400,maldi_feature_5370,maldi_feature_5962,maldi_feature_5899
maldi_feature_5840,maldi_feature_5926,maldi_feature_5799,maldi_feature_5841,maldi_feature_5401,maldi_feature_5960,maldi_feature_5961,maldi_feature_5898
maldi_feature_5360,maldi_feature_5925,maldi_feature_5790,maldi_feature_5840,maldi_feature_5402,maldi_feature_5961,maldi_feature_5632,maldi_feature_5897
maldi_feature_5834,maldi_feature_5924,maldi_feature_5789,maldi_feature_5831,maldi_feature_3579,maldi_feature_5962,maldi_feature_5959,maldi_feature_5896
maldi_feature_5833,maldi_feature_5923,maldi_feature_5778,maldi_feature_5424,maldi_feature_3578,maldi_feature_5963,maldi_feature_5958,maldi_feature_5926
maldi_feature_5832,maldi_feature_5424,maldi_feature_5776,maldi_feature_5423,maldi_feature_5405,maldi_feature_5964,maldi_feature_5957,maldi_feature_5893
maldi_feature_5831,maldi_feature_5423,maldi_feature_5808,maldi_feature_5422,maldi_feature_3577,maldi_feature_5371,maldi_feature_5956,maldi_feature_5892
maldi_feature_5370,maldi_feature_5422,maldi_feature_5647,maldi_feature_5421,maldi_feature_3576,maldi_feature_5372,maldi_feature_5952,maldi_feature_5891
maldi_feature_5869,maldi_feature_5931,maldi_feature_5646,maldi_feature_5420,maldi_feature_3574,maldi_feature_5217,maldi_feature_5951,maldi_feature_5890
maldi_feature_5372,maldi_feature_5352,maldi_feature_5645,maldi_feature_5417,maldi_feature_3543,maldi_feature_5374,maldi_feature_5950,maldi_feature_5568
maldi_feature_5373,maldi_feature_5348,maldi_feature_5637,maldi_feature_5416,maldi_feature_5399,maldi_feature_5375,maldi_feature_5949,maldi_feature_5888
maldi_feature_5374,maldi_feature_5347,maldi_feature_5636,maldi_feature_5401,maldi_feature_5456,maldi_feature_5376,maldi_feature_5960,maldi_feature_5887
